dbn,school_name,d75_sd_1ip,d75_sd_1ssc,d75_sd_1rf,d75_sd_2w,d75_sd_2p,d75_sp_2g,d75_sd_2e,d75_sd_2l,d75_sd_2n,d75_sd_3as,d75_sd_3bl,d75_sd_3hs,d75_sd_3na,d75_sd_3pi,d75_sd_3wh,d75_sd_3ell,d75_sd_3eni,d75_sd_3f,d75_sd_3m,d75_sd_3nb,d75_sd_4qvar,d75_sd_4art,d75_sd_4spt,d75_sd_4ec,d75_sd_4ps,d75_sd_5as,d75_sd_5bl,d75_sd_5hs,d75_sd_5na,d75_sd_5pi,d75_sd_5wh,d75_sd_5py,d75_sd_5t3,d75_ip_1qp,d75_ip_1qch,d75_ip_2mv,d75_ip_2int,d75_ip_2sef,d75_ip_2sep,d75_ip_2sen,d75_ip_2rsf,d75_ip_2rsp,d75_ip_2rsn,d75_ip_2q1,d75_ip_2q1a,d75_ip_2q1b,d75_ip_2q1h,d75_ip_2q1n,d75_ip_2q1p,d75_ip_2q1w,d75_ip_2q1e,d75_ip_2q2,d75_ip_2q2a,d75_ip_2q2b,d75_ip_2q2h,d75_ip_2q2n,d75_ip_2q2p,d75_ip_2q2w,d75_ip_2q2e,d75_ip_2q3,d75_ip_2q3a,d75_ip_2q3b,d75_ip_2q3h,d75_ip_2q3n,d75_ip_2q3p,d75_ip_2q3w,d75_ip_2q3e,d75_ip_3lag,d75_ip_3lap,d75_ip_3seg,d75_ip_3sep,d75_ip_3smg,d75_ip_3smp,d75_ssc_1ac,d75_ssc_1ta,d75_ssc_2qp,d75_ssc_2q1,d75_ssc_3qp,d75_ssc_3q1,d75_ssc_3q2,d75_ssc_4qp,d75_ssc_4q1,d75_rf_1qp,d75_rf_1q1,d75_rf_1q1a,d75_rf_1q1b,d75_rf_1q1h,d75_rf_1q1n,d75_rf_1q1p,d75_rf_1q1w,d75_rf_1q1e,d75_rf_2qp,d75_rf_2q1,d75_rf_2q1a,d75_rf_2q1b,d75_rf_2q1h,d75_rf_2q1n,d75_rf_2q1p,d75_rf_2q1w,d75_rf_2q1e,d75_rf_3qp,d75_rf_3q1,d75_rf_3q1a,d75_rf_3q1b,d75_rf_3q1h,d75_rf_3q1n,d75_rf_3q1p,d75_rf_3q1w,d75_rf_3q1e
75K004,P.S. K004,,,,www.schools.nyc.gov/schools/K004,Rebecca Schropfer,"PK,0K,01,02,03,04,05,SE",395,"923 Jerome Street, Brooklyn, NY 11207",718-272-7555,7%,54%,29%,4%,2%,5%,29%,,22%,78%,0%,90%,N/A,,,NYC Reads,8%,40%,10%,0%,0%,36%,0.1,72%,,28%,Excellent,Good,91%,6%,2%,93%,1%,7%,90%,86%,84%,95%,N/A,N/A,100%,92%,,,,,,,,,92%,100%,87%,94%,N/A,N/A,N/A,95%,46,59%,27,16%,N/A,13%,1%,95%,,100%,,,,,74%,,87%,86%,79%,95%,N/A,N/A,100%,92%,,96%,100%,91%,100%,N/A,N/A,100%,100%,,93%,100%,85%,100%,N/A,N/A,100%,100%
75K036,P.S. 36,,,,www.schools.nyc.gov/schools/K036,Kevin Lenahan,"PK,0K,01,02,03,04,05,06,07,08,09,10,11,12,SE",398,"2045 Linden Boulevard, Brooklyn, NY 11207",718-272-6483,6%,62%,24%,<1%,<1%,7%,14%,,21%,79%,0%,81%,"Core Music, Kinesiology / Anatomy for Dance, Theater, Visual Art",,,NYC Reads,N/A (fewer than 5 teachers),27%,12%,N/A (fewer than 5 teachers),0%,52%,5.1,71%,,33%,Good,Good,95%,3%,2%,95%,1%,4%,82%,89%,82%,92%,N/A,N/A,57%,88%,,,,,,,,,87%,100%,88%,83%,N/A,N/A,N/A,100%,41,52%,46,23%,42,20%,2%,95%,,97%,,,,,62%,,84%,89%,86%,92%,N/A,N/A,62%,88%,,95%,89%,97%,100%,N/A,N/A,88%,88%,,92%,89%,94%,92%,N/A,N/A,88%,88%
75K053,P.S. K053,,,,www.schools.nyc.gov/schools/K053,Heather Leykam,"0K,01,02,03,04,05,06,07,08,09,10,11,12,SE",411,"544 7th Avenue, Brooklyn, NY 11215",718-832-3563,14%,32%,40%,1%,<1%,9%,30%,,27%,73%,0%,92%,"Music, Visual Art",,,NYC Reads,5%,13%,12%,0%,0%,67%,12.9,79%,,N/A,Excellent,Fair,91%,3%,6%,96%,N/A,N/A,90%,100%,75%,100%,N/A,N/A,N/A,100%,,,,,,,,,92%,100%,86%,100%,N/A,N/A,N/A,100%,46,18%,N/A,7%,N/A,7%,3%,95%,,N/A,,,,,N/A,,93%,88%,88%,100%,N/A,N/A,N/A,89%,,90%,88%,88%,88%,N/A,N/A,N/A,89%,,93%,88%,88%,100%,N/A,N/A,N/A,89%
75K077,P.S. K077,,,,www.schools.nyc.gov/schools/K077,Ebony Russell,"0K,01,02,03,04,05,06,07,08,09,10,11,12,SE",309,"62 Park Place, Brooklyn, NY 11217",718-789-1191,23%,37%,22%,<1%,<1%,17%,31%,,19%,81%,0%,98%,Studio Art,,,NYC Reads; Respect for All,N/A (fewer than 5 teachers),42%,N/A (fewer than 5 teachers),0%,0%,45%,7.8,75%,,59%,Excellent,Needs Improvement,92%,N/A,N/A,89%,N/A,N/A,98%,95%,97%,100%,N/A,N/A,100%,96%,,,,,,,,,99%,100%,97%,100%,N/A,N/A,100%,100%,59,61%,N/A,N/A,N/A,N/A,3%,95%,,94%,,,,,89%,,99%,100%,97%,100%,N/A,N/A,100%,100%,,99%,96%,98%,100%,N/A,N/A,100%,98%,,99%,100%,96%,100%,N/A,N/A,100%,100%
75K140,P.S. K140,,,,www.schools.nyc.gov/schools/K140,Gavriel Berkovits,"0K,01,02,03,04,05,06,07,08,09,10,SE",317,"141 Macon Street, Brooklyn, NY 11216",718-783-4842,5%,62%,28%,<1%,0%,3%,11%,,16%,84%,0%,92%,Visual Art,,,Community School; NYC Reads,N/A (fewer than 5 teachers),41%,16%,0%,0%,30%,0.4,75%,,18%,Excellent,Excellent,80%,16%,4%,95%,N/A,N/A,87%,N/A,87%,86%,N/A,N/A,N/A,100%,,,,,,,,,86%,N/A,85%,85%,N/A,N/A,N/A,100%,43,35%,38,52%,37,50%,4%,95%,,95%,,,,,74%,,91%,N/A,94%,86%,N/A,N/A,N/A,83%,,94%,N/A,91%,100%,N/A,N/A,N/A,100%,,90%,N/A,92%,92%,N/A,N/A,N/A,83%
75K141,P.S. K141,,,,www.schools.nyc.gov/schools/K141,Michele Thornton Mannix,"PK,0K,01,02,03,04,05,06,07,08,09,10,SE",363,"655 Parkside Avenue, Brooklyn, NY 11226",718-941-0320,7%,38%,36%,<1%,1%,16%,24%,,34%,66%,0%,93%,N/A,,,,N/A (fewer than 5 teachers),25%,8%,0%,0%,60%,14,78%,,22%,Fair,Fair,77%,18%,5%,87%,1%,12%,94%,93%,96%,89%,N/A,N/A,96%,91%,,,,,,,,,90%,100%,92%,86%,N/A,N/A,86%,92%,50,50%,N/A,N/A,N/A,N/A,3%,95%,,97%,,,,,82%,,92%,93%,96%,89%,N/A,N/A,85%,92%,,93%,92%,92%,93%,N/A,N/A,93%,88%,,94%,100%,95%,93%,N/A,N/A,88%,94%
75K231,P.S. K231,,,,www.schools.nyc.gov/schools/K231,Elizabeth Rueda Mattock,"0K,01,02,03,04,05,06,07,08,SE",303,"5601 16 Avenue, Brooklyn, NY 11204",718-853-1884,25%,17%,20%,<1%,<1%,36%,35%,,25%,75%,0%,96%,Visual Art,,,Dual Language or TBE; NYC Reads,5%,5%,7%,0%,0%,79%,5.5,77%,,38%,Excellent,Fair,97%,N/A,N/A,96%,1%,3%,97%,96%,90%,100%,N/A,N/A,98%,95%,,,,,,,,,93%,90%,94%,100%,N/A,N/A,90%,90%,52,36%,N/A,8%,N/A,9%,2%,96%,,100%,,,,,77%,,94%,88%,90%,97%,N/A,N/A,98%,92%,,97%,94%,90%,100%,N/A,N/A,100%,97%,,98%,98%,95%,100%,N/A,N/A,98%,98%
75K368,P.S. 368,,,,www.schools.nyc.gov/schools/K368,Laverne Peter,"PK,0K,01,02,03,04,05,06,07,08,09,10,11,12,SE",220,"70 Tompkins Avenue, Brooklyn, NY 11206",718-388-9494,4%,50%,36%,0%,0%,10%,11%,,33%,67%,0%,92%,Visual Art,,,NYC Reads; Respect for All,N/A (fewer than 5 teachers),39%,17%,0%,0%,32%,5.1,76%,,47%,Fair,Excellent,65%,24%,11%,90%,N/A,N/A,94%,N/A,94%,94%,N/A,N/A,N/A,N/A,,,,,,,,,97%,N/A,100%,93%,N/A,N/A,N/A,N/A,63,24%,38,26%,28,22%,1%,94%,,88%,,,,,60%,,92%,N/A,100%,86%,N/A,N/A,N/A,100%,,92%,N/A,100%,86%,N/A,N/A,N/A,100%,,90%,N/A,93%,86%,N/A,N/A,N/A,100%
75K369,P.S. K369 - Coy L. Cox School,,,,www.schools.nyc.gov/schools/K369,Majorie Dalrymple,"0K,01,02,03,04,05,06,07,08,09,10,11,12,SE",497,"383 State Street, Brooklyn, NY 11217",718-852-1701,8%,46%,34%,1%,<1%,8%,18%,,20%,80%,0%,68%,"Art History, Music, Visual Art",,,,5%,24%,11%,0%,0%,57%,5.6,86%,,39%,Good,Good,90%,5%,5%,91%,N/A,N/A,88%,91%,90%,88%,N/A,N/A,86%,92%,,,,,,,,,87%,100%,88%,85%,N/A,N/A,91%,93%,47,35%,53,24%,37,21%,2%,94%,,95%,,,,,71%,,90%,100%,90%,91%,N/A,N/A,80%,96%,,92%,82%,95%,92%,N/A,N/A,90%,89%,,91%,92%,91%,91%,N/A,N/A,90%,96%
75K370,P.S. 370,,,,www.schools.nyc.gov/schools/K370,Susan Miller,"0K,01,02,03,04,05,06,07,08,09,10,11,12,SE",251,"3000 West 1 Street, Brooklyn, NY 11224",718-372-3777,23%,24%,23%,<1%,<1%,26%,34%,,25%,75%,0%,94%,"Core Music, Movement / Dance, Music, Visual Art",,,Dual Language or TBE; NYC Reads,8%,19%,8%,0%,0%,64%,17.2,71%,,27%,Good,Fair,84%,16%,0%,95%,1%,4%,94%,92%,94%,93%,N/A,N/A,100%,93%,,,,,,,,,93%,95%,79%,91%,N/A,N/A,100%,100%,48,56%,N/A,12%,N/A,12%,4%,96%,,100%,,,,,79%,,93%,92%,89%,94%,N/A,N/A,100%,97%,,92%,88%,100%,88%,N/A,N/A,96%,86%,,94%,96%,89%,100%,N/A,N/A,96%,97%
75K371,P.S. 371 - Lillian L. Rashkis,,,,www.schools.nyc.gov/schools/K371,Heather Miller,"09,10,11,12,SE",223,"355 37 Street, Brooklyn, NY 11232",718-788-7608,7%,40%,34%,4%,2%,12%,22%,,30%,70%,0%,89%,"Art Management / Business, Core Music, Music",,,,N/A (fewer than 5 teachers),16%,N/A (fewer than 5 teachers),0%,0%,64%,1.7,84%,,47%,Good,Good,59%,27%,14%,84%,N/A,N/A,92%,83%,94%,88%,N/A,N/A,100%,81%,,,,,,,,,88%,N/A,100%,75%,N/A,N/A,88%,79%,51,22%,N/A,8%,N/A,7%,-4%,95%,,N/A,,,,,65%,,90%,86%,82%,94%,N/A,N/A,100%,88%,,90%,86%,83%,94%,N/A,N/A,100%,94%,,94%,83%,94%,94%,N/A,N/A,100%,94%
75K372,P.S. 372 -The Children's School,,,,www.schools.nyc.gov/schools/K372,Rosa Amato,"0K,01,02,03,04,05,06,07,08,SE",186,"512 Carroll Street, Brooklyn, NY 11215",718-624-5271,10%,22%,24%,0%,0%,38%,6%,,22%,78%,0%,93%,"Dance, Studio Art",,,,N/A (fewer than 5 teachers),18%,12%,0%,0%,58%,7.7,90%,,35%,Good,Excellent,95%,N/A,N/A,97%,1%,2%,88%,N/A,80%,100%,N/A,N/A,86%,N/A,,,,,,,,,81%,N/A,N/A,89%,N/A,N/A,70%,N/A,48,27%,65,34%,52,35%,1%,97%,,95%,,,,,75%,,78%,N/A,60%,87%,N/A,N/A,73%,N/A,,94%,N/A,80%,100%,N/A,N/A,91%,N/A,,86%,N/A,80%,93%,N/A,N/A,82%,N/A
75K373,P.S. 373 - Brooklyn Transition Center,,,,www.schools.nyc.gov/schools/K373,Courtney Rattenbury,"09,10,11,12,SE",441,"185 Ellery Street, Brooklyn, NY 11206",718-782-6800,2%,54%,35%,<1%,<1%,7%,22%,,31%,69%,0%,98%,"Dance, Music, Theater, Visual Art",,,CS for All; Dual Language or TBE,8%,32%,12%,0%,0%,39%,1.5,63%,,55%,Good,Needs Improvement,89%,N/A,N/A,90%,N/A,N/A,97%,N/A,98%,95%,N/A,N/A,100%,100%,,,,,,,,,95%,N/A,94%,93%,N/A,N/A,100%,100%,N/A,N/A,N/A,N/A,N/A,N/A,1%,96%,,N/A,,,,,71%,,95%,67%,94%,98%,N/A,N/A,95%,98%,,96%,67%,97%,97%,N/A,N/A,100%,96%,,95%,80%,94%,95%,N/A,N/A,100%,94%
75K396,Sid Miller Academy,,,,www.schools.nyc.gov/schools/K396,Keisha Mccoy Dailey,"0K,01,02,03,04,05,06,07,08,SE",463,"110 Chester Street, Brooklyn, NY 11212",718-385-6200,7%,54%,19%,14%,<1%,6%,18%,,27%,73%,0%,95%,Visual Art,,,,10%,47%,8%,0%,0%,28%,5.6,70%,,33%,Good,Fair,94%,3%,3%,96%,N/A,N/A,94%,100%,93%,95%,94%,N/A,89%,93%,,,,,,,,,92%,100%,91%,87%,100%,N/A,83%,88%,52,83%,N/A,N/A,N/A,N/A,1%,96%,,94%,,,,,78%,,93%,100%,91%,95%,95%,N/A,89%,100%,,95%,91%,96%,100%,95%,N/A,78%,88%,,93%,90%,91%,100%,100%,N/A,78%,87%
75K721,P.S. K721 - Brooklyn Occupational Training Center,,,,www.schools.nyc.gov/schools/K721,Barbara Tremblay,"0K,01,02,03,04,05,06,09,10,11,12,SE",462,"64 Avenue X, Brooklyn, NY 11223",718-996-8199,12%,35%,25%,4%,<1%,23%,31%,,33%,67%,0%,97%,"Dance, Music, Theater, Visual Art",,,Dual Language or TBE; Respect for All,13%,18%,6%,0%,0%,57%,11.7,81%,,39%,Fair,Needs Improvement,87%,N/A,N/A,93%,N/A,N/A,91%,90%,91%,94%,100%,N/A,87%,89%,,,,,,,,,93%,100%,89%,96%,80%,N/A,93%,94%,47,59%,N/A,N/A,N/A,N/A,3%,96%,,100%,,,,,82%,,93%,97%,95%,94%,100%,N/A,88%,95%,,91%,79%,95%,97%,80%,N/A,91%,89%,,94%,93%,93%,94%,100%,N/A,97%,93%
75K753,P.S. K753 - School for Career Development,,,,www.schools.nyc.gov/schools/K753,Yvrose Pierre,"06,07,08,09,10,11,12,SE",360,"510 Clermont Avenue, Brooklyn, NY 11238",718-857-4646,<1%,70%,22%,<1%,1%,5%,13%,,23%,77%,0%,92%,"Art History, Dance, Filmmaking / Video, Music, Studio Art, Visual Art",,,Career Readiness and Modern Youth Apprenticeship; Future Ready NYC,N/A (fewer than 5 teachers),54%,11%,0%,0%,20%,17.1,53%,,68%,Good,Good,85%,9%,5%,74%,N/A,N/A,91%,N/A,93%,89%,N/A,N/A,83%,86%,,,,,,,,,92%,N/A,91%,93%,N/A,N/A,100%,89%,48,49%,N/A,8%,N/A,9%,-2%,97%,,N/A,,,,,81%,,90%,N/A,95%,71%,N/A,N/A,100%,92%,,92%,N/A,95%,82%,N/A,N/A,92%,96%,,92%,N/A,92%,89%,N/A,N/A,100%,88%
75K771,P.S. K771,,,,www.schools.nyc.gov/schools/K771,Vinnette Ferrandino,"0K,01,02,03,04,05,06,07,08,09,10,11,12,SE",545,"1075 Ocean View Avenue, Brooklyn, NY 11235",718-891-3600,21%,35%,20%,1%,<1%,21%,25%,,27%,73%,0%,89%,Visual Art,,,,7%,25%,9%,0%,0%,53%,3.6,78%,,41%,Good,Fair,88%,9%,2%,93%,N/A,N/A,87%,85%,80%,100%,N/A,N/A,92%,95%,,,,,,,,,88%,95%,84%,77%,N/A,N/A,91%,100%,52,53%,N/A,14%,N/A,13%,2%,94%,,95%,,,,,84%,,93%,100%,88%,94%,N/A,N/A,93%,96%,,89%,82%,95%,88%,N/A,N/A,93%,92%,,89%,97%,82%,81%,N/A,N/A,93%,93%
75K811,P.S. K811 Connie Lekas School,,,,www.schools.nyc.gov/schools/K811,Antoinette Rose,"06,07,08,09,10,11,12,SE",276,"2525 Haring Street, Brooklyn, NY 11235",718-769-6984,10%,42%,31%,3%,<1%,13%,31%,,39%,61%,0%,96%,"Illustration, Music, Visual Art",,,CS for All; Dual Language or TBE,13%,27%,N/A (fewer than 5 teachers),0%,0%,48%,15.1,89%,,78%,Good,Fair,87%,8%,5%,91%,1%,9%,98%,100%,97%,100%,N/A,N/A,100%,100%,,,,,,,,,81%,83%,76%,88%,N/A,N/A,83%,88%,55,77%,N/A,N/A,N/A,N/A,5%,95%,,N/A,,,,,84%,,87%,100%,85%,79%,N/A,N/A,100%,89%,,92%,86%,97%,86%,N/A,N/A,86%,95%,,91%,100%,90%,86%,N/A,N/A,100%,100%
75M035,P.S. 035,,,,www.schools.nyc.gov/schools/M035,Marta Barnett,"03,06,09,10,11,12,SE",241,"317 West 52nd Street, Manhattan, NY 10019",212-247-4307,4%,44%,41%,2%,0%,8%,7%,,34%,65%,2%,96%,"Art History, Core Music, Music, Painting, Piano Keyboard, Playwriting, Studio Art, Technical Theater / Set Construction, Theater / Play Production",,,,10%,21%,16%,0%,0%,48%,25.4,89%,,54%,Fair,Excellent,14%,60%,26%,86%,0%,14%,100%,N/A,100%,100%,N/A,N/A,N/A,N/A,,,,,,,,,91%,N/A,83%,N/A,N/A,N/A,N/A,N/A,N/A,N/A,63,20%,43,21%,-2%,95%,,N/A,,,,,74%,,90%,N/A,75%,100%,N/A,N/A,N/A,N/A,,97%,N/A,100%,93%,N/A,N/A,N/A,N/A,,93%,N/A,92%,93%,N/A,N/A,N/A,N/A
75M079,P.S. M079 - Horan School,,,,www.schools.nyc.gov/schools/M079,Greer Phillips,"06,07,08,09,10,11,12,SE",234,"55 East 120 Street, Manhattan, NY 10035",212-369-3134,<1%,36%,59%,0%,1%,3%,33%,,27%,73%,0%,99%,Theater,,,Community School; Dual Language or TBE,N/A (fewer than 5 teachers),36%,24%,0%,0%,31%,13,65%,,42%,Fair,Fair,81%,N/A,N/A,80%,N/A,N/A,98%,N/A,96%,98%,N/A,N/A,N/A,100%,,,,,,,,,100%,N/A,100%,100%,N/A,N/A,N/A,100%,48,53%,N/A,N/A,N/A,N/A,5%,96%,,N/A,,,,,74%,,97%,N/A,96%,97%,N/A,N/A,N/A,98%,,98%,N/A,96%,98%,N/A,N/A,N/A,100%,,99%,N/A,96%,100%,N/A,N/A,N/A,100%
75M094,P.S. M094,,,,www.schools.nyc.gov/schools/M094,Jeanne Bradley,"0K,01,02,03,04,05,06,07,08,09,10,11,12,SE",428,"55 Battery Place, Manhattan, NY 10280",212-266-5810,9%,31%,47%,<1%,0%,10%,19%,,23%,77%,0%,92%,"Core Music, Music, Theater, Visual Art",,,CS for All; NYC Reads; Respect for All,9%,16%,13%,0%,0%,51%,7,83%,,44%,Excellent,Fair,92%,N/A,N/A,97%,N/A,N/A,96%,93%,89%,100%,N/A,N/A,100%,100%,,,,,,,,,87%,85%,79%,92%,N/A,N/A,86%,93%,47,75%,N/A,12%,N/A,10%,2%,94%,,100%,,,,,81%,,91%,86%,72%,100%,N/A,N/A,100%,93%,,96%,93%,94%,100%,N/A,N/A,92%,93%,,97%,100%,88%,100%,N/A,N/A,100%,100%
75M138,P.S. 138,,,,www.schools.nyc.gov/schools/M138,Elyse Jaeger,"PK,0K,01,02,03,04,05,06,07,08,09,10,11,12,SE",692,"144-176 East 128 Street, Manhattan, NY 10035",212-369-2227,3%,28%,62%,<1%,<1%,5%,26%,,28%,72%,0%,92%,Visual Art,,,CS for All; NYC Reads,11%,14%,20%,N/A (fewer than 5 teachers),0%,46%,1.1,70%,,33%,Good,Fair,90%,7%,3%,91%,N/A,N/A,90%,N/A,95%,89%,N/A,N/A,100%,91%,,,,,,,,,87%,N/A,91%,88%,N/A,N/A,100%,95%,50,22%,N/A,11%,N/A,11%,2%,97%,,86%,,,,,56%,,91%,N/A,95%,89%,N/A,N/A,100%,100%,,95%,N/A,95%,97%,N/A,N/A,100%,100%,,93%,N/A,95%,91%,N/A,N/A,100%,100%
75M169,P.S. M169 - Robert F. Kennedy,,,,www.schools.nyc.gov/schools/M169,Eleyna Rivas,"0K,01,02,03,04,05,06,07,08,09,10,11,SE",305,"110 East 88 Street, Manhattan, NY 10128",212-348-6140,<1%,45%,48%,2%,<1%,3%,10%,,23%,77%,0%,92%,Visual Art,,,,N/A (fewer than 5 teachers),12%,12%,0%,0%,66%,6.1,80%,,N/A,Excellent,Excellent,86%,N/A,N/A,96%,0%,4%,92%,N/A,100%,86%,N/A,N/A,N/A,86%,,,,,,,,,88%,N/A,86%,89%,N/A,N/A,N/A,71%,43,46%,50,45%,47,50%,4%,95%,,N/A,,,,,N/A,,91%,N/A,88%,92%,N/A,N/A,N/A,100%,,93%,N/A,94%,92%,N/A,N/A,N/A,86%,,93%,N/A,88%,96%,N/A,N/A,N/A,100%
75M226,P.S. M226,,,,www.schools.nyc.gov/schools/M226,Inmaculada Jardi,"PK,0K,01,02,03,04,05,06,07,08,09,10,11,12,SE",260,"345 East 15th Street, Manhattan, NY 10003",212-477-5017,3%,34%,52%,2%,0%,9%,20%,,22%,78%,0%,93%,Visual Art,,,Respect for All,11%,17%,13%,0%,0%,53%,7.1,81%,,27%,Good,Fair,86%,9%,5%,96%,2%,2%,94%,N/A,96%,90%,N/A,N/A,100%,95%,,,,,,,,,94%,N/A,100%,90%,N/A,N/A,100%,100%,59,37%,N/A,N/A,N/A,N/A,1%,95%,,92%,,,,,77%,,94%,N/A,96%,93%,N/A,N/A,100%,90%,,94%,N/A,97%,93%,N/A,N/A,91%,88%,,95%,N/A,100%,91%,N/A,N/A,100%,90%
75M721,P.S. M721 - Manhattan Occupational Training Center,,,,www.schools.nyc.gov/schools/M721,Junie Louis Jean,"06,07,08,09,10,11,12,SE",194,"250 West Houston Street, Manhattan, NY 10014",212-675-7926,3%,36%,51%,0%,0%,9%,32%,,37%,63%,0%,95%,Visual Art,,,,13%,16%,20%,0%,0%,49%,0.4,76%,,N/A,Fair,Needs Improvement,87%,N/A,N/A,91%,0%,9%,97%,N/A,100%,95%,N/A,N/A,100%,96%,,,,,,,,,93%,N/A,100%,93%,N/A,N/A,83%,95%,N/A,N/A,N/A,N/A,N/A,N/A,1%,95%,,N/A,,,,,N/A,,92%,N/A,100%,92%,N/A,N/A,89%,89%,,94%,N/A,100%,92%,N/A,N/A,100%,96%,,100%,N/A,100%,100%,N/A,N/A,100%,100%
75M751,Manhattan School for Career Development,,,,www.schools.nyc.gov/schools/M751,Ewa Asterita,"06,07,08,09,10,11,12,SE",219,"113 East 4th Street, Manhattan, NY 10003",212-477-2090,5%,35%,50%,<1%,<1%,7%,18%,,26%,74%,0%,95%,"Art History, Graphic Design",,,Community School,15%,22%,15%,N/A (fewer than 5 teachers),0%,42%,12.7,54%,,47%,Excellent,Good,83%,9%,8%,97%,N/A,N/A,95%,N/A,100%,88%,N/A,N/A,100%,100%,,,,,,,,,97%,N/A,100%,91%,N/A,N/A,100%,100%,N/A,N/A,N/A,12%,N/A,11%,2%,97%,,N/A,,,,,87%,,91%,N/A,87%,92%,N/A,N/A,100%,100%,,92%,N/A,94%,88%,N/A,N/A,100%,100%,,94%,N/A,97%,92%,N/A,N/A,83%,100%
75M811,P.S. M811 - Mickey Mantle School,,,,www.schools.nyc.gov/schools/M811,John Mccormick,"PK,0K,01,02,03,04,05,06,07,08,09,10,11,SE",420,"466 West End Avenue, Manhattan, NY 10024",212-579-3788,2%,40%,50%,<1%,<1%,5%,16%,,19%,81%,0%,100%,"Core Music, Studio Art, Theater / Play Production",,,Community School; CS for All,11%,7%,17%,0%,0%,62%,6.1,72%,,82%,Excellent,Good,94%,4%,2%,88%,N/A,N/A,99%,N/A,98%,100%,N/A,N/A,100%,100%,,,,,,,,,100%,N/A,100%,100%,N/A,N/A,100%,100%,N/A,N/A,54,24%,37,24%,3%,95%,,100%,,,,,95%,,100%,N/A,100%,100%,N/A,N/A,100%,100%,,100%,N/A,100%,100%,N/A,N/A,100%,100%,,100%,N/A,100%,100%,N/A,N/A,100%,100%
75Q004,P.S. Q004,,,,www.schools.nyc.gov/schools/Q004,Denise D'anna,"PK,0K,01,02,03,04,05,06,07,08,SE",482,"196-25 Peck Avenue, Queens, NY 11365",718-264-0916,30%,24%,27%,2%,<1%,14%,21%,,23%,77%,0%,93%,"Dance Survey / Introduction to Dance, Studio Art",,,,8%,13%,15%,0%,0%,59%,1.1,79%,,36%,Good,Good,93%,7%,0%,98%,N/A,N/A,94%,95%,94%,93%,100%,N/A,95%,93%,,,,,,,,,94%,98%,95%,87%,100%,N/A,93%,96%,57,44%,39,21%,40,18%,2%,94%,,100%,,,,,90%,,95%,96%,94%,94%,100%,N/A,96%,100%,,97%,100%,97%,91%,100%,N/A,100%,97%,,94%,89%,97%,96%,100%,N/A,96%,94%
75Q009,P.S. 009,,,,www.schools.nyc.gov/schools/Q009,Marsha Steinberg,"0K,01,02,03,04,05,06,07,08,10,SE",671,"58-74 57 Street, Queens, NY 11378",718-456-7105,23%,27%,39%,2%,<1%,7%,32%,,27%,73%,0%,91%,"Music, Studio Art, Theater, Visual Art",,,NYC Reads; Respect for All,4%,15%,18%,0%,0%,57%,1.6,81%,,45%,Fair,Good,88%,9%,3%,93%,N/A,N/A,90%,93%,81%,91%,100%,N/A,91%,93%,,,,,,,,,92%,95%,79%,92%,100%,N/A,100%,96%,46,42%,53,33%,45,32%,2%,95%,,98%,,,,,77%,,91%,95%,91%,86%,100%,N/A,100%,95%,,94%,94%,91%,94%,100%,N/A,91%,95%,,92%,93%,91%,90%,100%,N/A,92%,97%
75Q023,P.S. Q023 @ Queens Children Center,,,,www.schools.nyc.gov/schools/Q023,Jude Arthur,"0K,01,02,03,04,05,06,07,08,09,10,11,12,SE",273,"74-03 Commonwealth Boulevard, Queens, NY 11426",718-264-4880,11%,35%,34%,<1%,0%,17%,8%,,48%,52%,0%,77%,"Illustration, Movement / Dance, Music, Portfolio Development, Studio Art, Visual Art",,,,8%,32%,8%,0%,0%,47%,3,88%,,39%,Fair,Excellent,68%,23%,9%,72%,0%,28%,83%,N/A,N/A,N/A,N/A,N/A,N/A,N/A,,,,,,,,,67%,N/A,N/A,N/A,N/A,N/A,N/A,N/A,N/A,11%,55,35%,40,29%,5%,97%,,60%,,,,,78%,,79%,N/A,N/A,N/A,N/A,N/A,N/A,N/A,,79%,N/A,N/A,N/A,N/A,N/A,N/A,N/A,,64%,N/A,N/A,N/A,N/A,N/A,N/A,N/A
75Q075,Robert E. Peary School,,,,www.schools.nyc.gov/schools/Q075,James Thorbs,"PK,0K,01,02,03,04,05,06,07,08,SE",572,"16-66 Hancock Street, Queens, NY 11385",718-456-7588,15%,28%,43%,3%,1%,8%,30%,,25%,75%,0%,94%,"Music, Theater, Visual Art",,,,N/A (fewer than 5 teachers),21%,13%,0%,0%,58%,10.2,86%,,29%,Good,Excellent,79%,10%,11%,96%,1%,3%,89%,84%,89%,92%,N/A,N/A,100%,91%,,,,,,,,,94%,93%,87%,100%,N/A,N/A,N/A,100%,47,43%,44,30%,38,30%,2%,94%,,100%,,,,,82%,,90%,95%,90%,90%,N/A,N/A,89%,95%,,96%,95%,100%,92%,N/A,N/A,100%,92%,,89%,90%,93%,85%,N/A,N/A,89%,86%
75Q177,P.S. Q177,,,,www.schools.nyc.gov/schools/Q177,Christophe Duffy,"0K,01,02,03,04,05,06,07,08,09,10,11,12,SE",512,"56-37 188 Street, Queens, NY 11365",929-483-3050,23%,30%,23%,3%,1%,18%,28%,,22%,78%,0%,92%,"Music, Theater, Visual Art",,,CS for All; NYC Reads; Respect for All,11%,5%,6%,0%,0%,74%,4.4,85%,,38%,Excellent,Fair,97%,N/A,N/A,98%,0%,1%,91%,85%,93%,93%,100%,N/A,93%,87%,,,,,,,,,90%,92%,89%,92%,88%,N/A,92%,90%,N/A,9%,N/A,N/A,N/A,N/A,2%,95%,,100%,,,,,82%,,92%,92%,93%,89%,100%,N/A,94%,89%,,93%,91%,95%,89%,100%,N/A,96%,85%,,94%,94%,95%,87%,100%,N/A,98%,89%
75Q224,P.S. Q224,,,,www.schools.nyc.gov/schools/Q224,Jamie Allen Zic,"PK,0K,01,02,03,04,05,06,07,08,SE",397,"252-12 72 Avenue, Queens, NY 11426",718-831-4024,30%,15%,36%,7%,0%,10%,32%,,28%,72%,0%,93%,"Core Music, Movement / Dance, Visual Art",,,Competency Collaborative; CS for All; Dual Language or TBE; NYC Reads,7%,5%,8%,N/A (fewer than 5 teachers),0%,74%,2.5,83%,,30%,Fair,Excellent,88%,N/A,N/A,95%,2%,3%,90%,92%,95%,91%,83%,N/A,75%,92%,,,,,,,,,91%,100%,100%,87%,100%,N/A,60%,93%,57,49%,57,28%,49,28%,3%,96%,,97%,,,,,87%,,92%,92%,95%,98%,88%,N/A,69%,97%,,95%,95%,100%,94%,100%,N/A,92%,92%,,95%,98%,100%,96%,100%,N/A,67%,92%
75Q233,P.S. Q233,,,,www.schools.nyc.gov/schools/Q233,Debbie Edmonds Shaddi,"0K,01,02,03,04,05,06,07,08,09,10,11,12,SE",499,"91-30 Metropolitan Avenue, Queens, NY 11375",718-286-4700,13%,33%,31%,4%,4%,14%,27%,,28%,72%,0%,94%,"Dance, Visual Art",,,NYC Reads,4%,11%,8%,0%,0%,68%,20.1,87%,,49%,Fair,Needs Improvement,94%,N/A,N/A,96%,1%,3%,94%,87%,98%,92%,N/A,100%,94%,89%,,,,,,,,,95%,97%,98%,92%,100%,100%,91%,91%,66,62%,N/A,4%,N/A,N/A,4%,96%,,100%,,,,,89%,,96%,95%,99%,93%,100%,100%,98%,93%,,97%,97%,98%,94%,100%,100%,98%,96%,,97%,95%,99%,95%,80%,100%,98%,95%
75Q255,P.S. Q255,,,,www.schools.nyc.gov/schools/Q255,Gregg Lopez,"0K,01,02,03,04,05,06,07,08,09,10,11,12,SE",541,"158-40 76 Road, Queens, NY 11366",718-380-1247,26%,11%,38%,2%,<1%,19%,42%,,23%,77%,0%,97%,"Music, Visual Art",,,,8%,5%,14%,N/A (fewer than 5 teachers),0%,68%,5.3,75%,,21%,Fair,Fair,92%,6%,1%,96%,3%,2%,95%,98%,89%,96%,89%,N/A,92%,97%,,,,,,,,,92%,96%,90%,87%,100%,N/A,93%,90%,51,52%,N/A,N/A,N/A,N/A,2%,95%,,95%,,,,,92%,,97%,98%,100%,94%,89%,N/A,98%,97%,,98%,98%,100%,95%,100%,N/A,100%,97%,,98%,100%,95%,99%,100%,N/A,96%,99%
75Q256,P.S. Q256,,,,www.schools.nyc.gov/schools/Q256,Robert Lopez,"PK,0K,01,02,03,04,05,06,07,08,09,10,11,12,SE",508,"525 Convent Road, Syosset, NY 11791",516-921-0450,6%,47%,33%,3%,<1%,10%,17%,,26%,74%,0%,87%,"Dance, Modern Dance, Music, Studio Art, Visual Art",,,PROSE,N/A (fewer than 5 teachers),12%,4%,0%,0%,79%,8.5,79%,,28%,Fair,Good,60%,26%,13%,93%,N/A,N/A,92%,83%,88%,97%,N/A,N/A,100%,100%,,,,,,,,,86%,91%,90%,83%,N/A,N/A,75%,100%,N/A,8%,N/A,11%,N/A,13%,-1%,95%,,100%,,,,,81%,,91%,93%,89%,95%,N/A,N/A,91%,100%,,95%,100%,93%,97%,N/A,N/A,95%,100%,,92%,93%,91%,95%,N/A,N/A,91%,100%
75Q277,The Riverview School,,,,www.schools.nyc.gov/schools/Q277,Annette Beale,"0K,01,02,03,04,05,06,07,08,09,10,11,12,SE",666,"50-15 44th Street, Queens, NY 11377",718-609-3320,23%,13%,50%,<1%,<1%,13%,41%,,24%,76%,0%,95%,"Core Music, Visual Art",,,Dual Language or TBE; NYC Reads,13%,9%,22%,0%,0%,48%,7,72%,,22%,Good,Fair,90%,7%,3%,92%,1%,7%,91%,93%,91%,89%,N/A,N/A,100%,94%,,,,,,,,,90%,90%,100%,90%,N/A,N/A,91%,92%,49,36%,N/A,14%,N/A,13%,1%,95%,,96%,,,,,74%,,90%,89%,100%,89%,N/A,N/A,100%,90%,,93%,95%,100%,91%,N/A,N/A,96%,91%,,90%,91%,100%,89%,N/A,N/A,96%,89%
75Q721,John F. Kennedy Jr. School,,,,www.schools.nyc.gov/schools/Q721,Henry Renelus,"09,10,11,12,SE",514,"57-12 94 Street, Queens, NY 11373",718-760-1083,16%,18%,47%,2%,<1%,15%,44%,,31%,69%,0%,97%,"Music, Studio Art",,,CS for All; Respect for All,12%,15%,26%,0%,0%,36%,8.2,71%,,48%,Fair,Fair,89%,4%,7%,96%,N/A,N/A,97%,100%,96%,98%,N/A,N/A,95%,98%,,,,,,,,,90%,100%,100%,86%,N/A,N/A,82%,93%,N/A,N/A,N/A,N/A,N/A,N/A,1%,95%,,N/A,,,,,81%,,93%,93%,100%,88%,N/A,N/A,96%,89%,,95%,96%,100%,96%,N/A,N/A,96%,94%,,93%,96%,96%,87%,N/A,N/A,96%,92%
75Q752,Queens Transition Center,,,,www.schools.nyc.gov/schools/Q752,Fritzy Sannon Brown,"09,10,11,12,SE",379,"142-10 Linden Boulevard, Queens, NY 11436",718-558-2060,11%,37%,39%,1%,2%,9%,29%,,30%,70%,0%,85%,"Art History, Illustration, Music, Music History, Music Theory / Musicianship, Studio Art, Visual Art",,,Community School,6%,38%,13%,0%,0%,42%,12.9,86%,,43%,Fair,Fair,71%,24%,4%,91%,N/A,N/A,81%,64%,93%,80%,N/A,N/A,80%,80%,,,,,,,,,94%,100%,100%,89%,N/A,N/A,N/A,88%,47,40%,N/A,4%,N/A,4%,-2%,94%,,N/A,,,,,67%,,90%,90%,100%,86%,N/A,N/A,100%,91%,,86%,78%,100%,89%,N/A,N/A,67%,81%,,92%,80%,100%,88%,N/A,N/A,100%,86%
75Q811,P.S. Q811,,,,www.schools.nyc.gov/schools/Q811,Nicole Avila,"0K,01,02,03,04,05,06,07,08,09,10,11,12,SE",457,"61-25 Marathon Parkway, Queens, NY 11362",718-224-8060,20%,33%,28%,4%,2%,12%,27%,,30%,70%,0%,96%,"Studio Art, Visual Art",,,Dual Language or TBE; NYC Reads,11%,8%,15%,0%,0%,64%,4.9,85%,,42%,Good,Fair,92%,6%,2%,97%,1%,2%,96%,100%,94%,94%,N/A,N/A,95%,97%,,,,,,,,,91%,95%,95%,90%,N/A,N/A,80%,96%,54,45%,N/A,N/A,N/A,N/A,3%,95%,,87%,,,,,96%,,93%,97%,94%,91%,N/A,N/A,96%,95%,,95%,94%,94%,98%,N/A,N/A,100%,92%,,96%,97%,94%,94%,N/A,N/A,100%,95%
75Q993,P.S. Q993,,,,www.schools.nyc.gov/schools/Q993,Jonathan Lonshein,"0K,01,02,03,04,05,06,07,08,09,10,11,12,SE",566,"85-15 258 Street, Queens, NY 11001",718-831-4040,23%,18%,34%,2%,<1%,21%,38%,,27%,73%,0%,90%,"Computer Art / Digital Art, Core Music, Studio Art, Visual Art",,,CS for All; NYC Reads,9%,10%,13%,0%,0%,63%,2.6,87%,,47%,Good,Fair,88%,7%,6%,96%,2%,2%,94%,94%,96%,96%,83%,N/A,94%,96%,,,,,,,,,85%,84%,84%,87%,83%,N/A,85%,86%,43,18%,N/A,8%,N/A,8%,2%,94%,,97%,,,,,80%,,97%,99%,97%,98%,100%,N/A,94%,99%,,98%,99%,97%,99%,100%,N/A,98%,99%,,97%,98%,99%,98%,100%,N/A,95%,98%
75R025,South Richmond High School I.S./P.S. 25,,,,www.schools.nyc.gov/schools/R025,Anthony Casella,"PK,0K,01,02,03,04,05,06,07,08,09,10,11,12,SE",533,"6581 Hylan Boulevard, Staten Island, NY 10309",718-984-1526,4%,34%,34%,<1%,<1%,25%,5%,,24%,76%,0%,89%,"Drawing, Studio Art, Visual Art",,,CS for All,4%,N/A (fewer than 5 teachers),9%,0%,0%,82%,4,87%,,37%,Good,Excellent,72%,N/A,N/A,97%,N/A,N/A,89%,80%,91%,83%,N/A,N/A,93%,N/A,,,,,,,,,89%,N/A,90%,81%,N/A,N/A,93%,N/A,N/A,12%,52,35%,41,36%,0%,95%,,92%,,,,,73%,,90%,N/A,83%,86%,N/A,N/A,97%,N/A,,93%,N/A,88%,93%,N/A,N/A,97%,N/A,,94%,100%,88%,96%,N/A,N/A,97%,N/A
75R037,The David Marquis School of the Arts,,,,www.schools.nyc.gov/schools/R037,Cori Regan,"PK,0K,01,02,03,04,05,06,07,08,09,10,11,12,SE",436,"15 Fairfield Street, Staten Island, NY 10308",718-984-9800,12%,11%,27%,<1%,0%,47%,16%,,26%,74%,0%,95%,N/A,,,CS for All; NYC Reads,N/A (fewer than 5 teachers),N/A (fewer than 5 teachers),8%,N/A (fewer than 5 teachers),0%,83%,2.9,74%,,31%,Good,Good,92%,6%,2%,98%,N/A,N/A,95%,94%,100%,96%,N/A,N/A,93%,96%,,,,,,,,,88%,93%,100%,89%,N/A,N/A,83%,94%,47,33%,N/A,8%,N/A,7%,4%,96%,,100%,,,,,87%,,95%,94%,89%,100%,N/A,N/A,93%,96%,,96%,89%,100%,100%,N/A,N/A,96%,89%,,94%,89%,90%,96%,N/A,N/A,95%,92%
75R373,P.S. R373,,,,www.schools.nyc.gov/schools/R373,Christine Hoffman,"PK,0K,01,02,03,04,05,06,07,08,SE",608,"91 Henderson Avenue, Staten Island, NY 10301",718-816-8897,14%,25%,30%,<1%,1%,25%,16%,,26%,74%,0%,90%,Visual Art,,,NYC Reads,N/A (fewer than 5 teachers),4%,10%,0%,0%,82%,2.7,83%,,22%,Excellent,Good,88%,N/A,N/A,99%,1%,1%,90%,95%,77%,96%,N/A,N/A,93%,96%,,,,,,,,,91%,98%,78%,89%,N/A,N/A,96%,95%,57,20%,57,30%,43,31%,3%,95%,,93%,,,,,62%,,90%,87%,84%,94%,N/A,N/A,93%,85%,,94%,84%,94%,100%,N/A,N/A,96%,88%,,94%,95%,81%,98%,N/A,N/A,98%,100%
75R721,The Richard H. Hungerford School,,,,www.schools.nyc.gov/schools/R721,Kristin Mchugh,"06,07,08,09,10,11,12,SE",463,"715 L Ocean Terrace, Staten Island, NY 10301",718-273-8622,8%,17%,38%,<1%,<1%,33%,20%,,33%,67%,0%,98%,"Mixed Media, Music, Photography, Visual Art",,,Respect for All,N/A (fewer than 5 teachers),N/A (fewer than 5 teachers),10%,0%,0%,80%,6.1,87%,,55%,Fair,Fair,89%,9%,2%,98%,N/A,N/A,98%,86%,97%,100%,N/A,N/A,99%,100%,,,,,,,,,93%,80%,95%,100%,N/A,N/A,89%,96%,49,92%,N/A,N/A,N/A,N/A,4%,95%,,N/A,,,,,87%,,96%,91%,97%,99%,N/A,N/A,93%,98%,,97%,91%,97%,100%,N/A,N/A,94%,100%,,97%,91%,95%,99%,N/A,N/A,97%,98%
75X010,P.S. X010,,,,www.schools.nyc.gov/schools/X010,Christophe Reda,"PK,0K,01,02,03,04,05,06,07,08,09,10,11,12,SE",642,"2750 Lafayette Avenue, Bronx, NY 10465",718-828-4022,5%,27%,61%,<1%,<1%,5%,28%,,29%,71%,0%,92%,Visual Art,,,Dual Language or TBE,5%,20%,30%,0%,0%,38%,6.1,63%,,30%,Good,Fair,93%,6%,2%,93%,N/A,N/A,91%,73%,91%,92%,N/A,N/A,100%,89%,,,,,,,,,88%,82%,100%,84%,N/A,N/A,100%,92%,52,45%,45,23%,43,23%,2%,95%,,96%,,,,,70%,,95%,100%,91%,94%,N/A,N/A,100%,100%,,99%,100%,97%,99%,N/A,N/A,100%,100%,,91%,92%,91%,91%,N/A,N/A,92%,93%
75X012,P.S. X012 Lewis and Clark School,,,,www.schools.nyc.gov/schools/X012,Kuvana Jones,"06,07,08,09,10,11,12,SE",305,"2555 Tratman Avenue, Bronx, NY 10461",718-409-9040,5%,29%,57%,5%,1%,2%,30%,,26%,74%,0%,89%,"Music, Visual Art",,,Community School,18%,35%,18%,0%,0%,21%,12.6,65%,,78%,Good,Good,70%,26%,4%,93%,0%,7%,89%,86%,87%,90%,N/A,N/A,N/A,100%,,,,,,,,,88%,80%,100%,83%,N/A,N/A,N/A,100%,51,45%,N/A,7%,N/A,5%,1%,96%,,N/A,,,,,67%,,91%,100%,86%,91%,N/A,N/A,N/A,100%,,86%,67%,93%,84%,N/A,N/A,N/A,90%,,87%,86%,87%,87%,N/A,N/A,N/A,100%
75X017,P.S. X017,,,,www.schools.nyc.gov/schools/X017,Angela Jones,"0K,01,02,03,04,05,06,07,08,09,10,11,12,SE",559,"778 Forest Avenue, Bronx, NY 10456",718-665-5617,3%,37%,56%,1%,0%,3%,18%,,19%,81%,0%,93%,"Acting, Dance, Mixed Media, Studio Art, Visual Art",,,Community School; Dual Language or TBE; NYC Reads,3%,27%,32%,0%,0%,32%,1.6,69%,,31%,Excellent,Fair,95%,3%,2%,89%,0%,11%,93%,85%,94%,93%,80%,N/A,100%,92%,,,,,,,,,92%,100%,90%,93%,N/A,N/A,100%,92%,51,41%,48,27%,43,23%,2%,95%,,93%,,,,,63%,,92%,100%,93%,93%,80%,N/A,82%,87%,,97%,86%,96%,98%,100%,N/A,100%,95%,,94%,100%,95%,94%,80%,N/A,91%,92%
75X168,P.S. 168,,,,www.schools.nyc.gov/schools/X168,Maureen Fullerton,"PK,0K,01,02,03,04,05,06,07,08,09,10,11,SE",574,"3050 Webster Avenue, Bronx, NY 10467",718-585-2100,6%,34%,56%,<1%,<1%,3%,29%,,26%,74%,0%,91%,"Core Music, Music, Visual Art",,,Dual Language or TBE,5%,16%,39%,0%,0%,31%,11.2,74%,,35%,Fair,Good,94%,4%,3%,91%,N/A,N/A,94%,100%,97%,92%,N/A,N/A,N/A,97%,,,,,,,,,89%,N/A,100%,82%,N/A,N/A,N/A,90%,48,23%,55,25%,42,24%,3%,95%,,93%,,,,,81%,,92%,100%,97%,87%,N/A,N/A,N/A,82%,,94%,100%,94%,94%,N/A,N/A,N/A,92%,,92%,100%,92%,90%,N/A,N/A,N/A,89%
75X176,P.S. X176,,,,www.schools.nyc.gov/schools/X176,Alexandra Guerriero,"06,07,08,09,10,11,12,SE",604,"750 Baychester Avenue, Bronx, NY 10475",718-904-5700,2%,38%,53%,<1%,<1%,5%,14%,,22%,78%,0%,90%,"Core Music, Dance, Music, Theater, Visual Art",,,CS for All; Project Pivot,N/A (fewer than 5 teachers),24%,21%,0%,0%,47%,5,75%,,N/A,Good,Fair,87%,12%,2%,95%,N/A,N/A,92%,N/A,91%,92%,N/A,N/A,90%,100%,,,,,,,,,81%,N/A,77%,84%,N/A,N/A,75%,91%,51,16%,N/A,9%,42,16%,2%,95%,,N/A,,,,,N/A,,93%,N/A,93%,92%,N/A,N/A,100%,100%,,97%,N/A,96%,97%,N/A,N/A,100%,100%,,95%,N/A,96%,92%,N/A,N/A,100%,92%
75X186,P186X Walter J. Damrosch School,,,,www.schools.nyc.gov/schools/X186,Sarah Templeman,"0K,01,02,03,04,05,06,07,08,SE",684,"750 Jennings Street, Bronx, NY 10459",718-378-0006,4%,34%,57%,1%,<1%,3%,35%,,27%,73%,0%,90%,"Music, Theater, Visual Art",,,Dual Language or TBE; NYC Reads,5%,20%,26%,N/A (fewer than 5 teachers),0%,40%,3.8,74%,,28%,Good,Excellent,89%,7%,4%,91%,N/A,N/A,96%,N/A,93%,98%,N/A,N/A,100%,97%,,,,,,,,,93%,N/A,90%,95%,N/A,N/A,N/A,94%,48,48%,42,37%,33,35%,3%,94%,,94%,,,,,71%,,91%,80%,89%,91%,N/A,N/A,100%,91%,,93%,60%,94%,93%,N/A,N/A,100%,94%,,92%,80%,95%,91%,N/A,N/A,100%,91%
75X188,P.S. X188,,,,www.schools.nyc.gov/schools/X188,Shanie Johnson Smith B,"PK,0K,01,02,03,04,05,06,07,08,09,10,11,12,SE",475,"770 Grote Street, Bronx, NY 10460",718-561-2052,3%,35%,58%,<1%,<1%,2%,29%,,27%,73%,0%,95%,"Dance, Studio Art, Visual Art",,,Community School; CS for All; Dual Language or TBE,6%,40%,27%,0%,0%,24%,14,81%,,34%,Good,Good,92%,N/A,N/A,95%,N/A,N/A,96%,100%,95%,95%,N/A,N/A,100%,91%,,,,,,,,,96%,78%,100%,94%,N/A,N/A,80%,93%,51,63%,N/A,11%,N/A,13%,3%,95%,,100%,,,,,62%,,92%,91%,91%,93%,N/A,N/A,100%,88%,,91%,90%,96%,89%,N/A,N/A,86%,87%,,93%,100%,95%,93%,N/A,N/A,100%,92%
75X352,The Vida Bogart School for All Children,,,,www.schools.nyc.gov/schools/X352,Lourdes Mendez,"PK,0K,01,02,03,04,05,06,07,08,SE",456,"1000 East Tremont Avenue, Bronx, NY 10460",718-328-3913,4%,27%,60%,2%,<1%,5%,15%,,20%,80%,0%,94%,N/A,,,Respect for All,5%,28%,30%,0%,0%,33%,17.2,90%,,43%,Fair,Good,98%,N/A,N/A,98%,N/A,N/A,96%,100%,95%,97%,100%,N/A,100%,94%,,,,,,,,,95%,90%,94%,95%,100%,N/A,100%,90%,61,20%,N/A,N/A,N/A,N/A,5%,94%,,98%,,,,,65%,,98%,100%,96%,98%,100%,N/A,100%,96%,,99%,100%,97%,100%,100%,N/A,100%,98%,,97%,90%,96%,98%,100%,N/A,100%,94%
75X469,The Bronx School for Continuous Learners,,,,www.schools.nyc.gov/schools/X469,Janine Tubiolo,"0K,01,02,03,04,05,06,07,08,09,10,12,SE",596,"240 East 172 Street, Bronx, NY 10457",718-410-4105,5%,33%,56%,1%,0%,5%,23%,,22%,78%,0%,99%,Graphic Design,,,Dual Language or TBE; NYC Reads,6%,19%,36%,0%,0%,31%,9.2,65%,,78%,Excellent,Good,86%,12%,2%,86%,N/A,N/A,98%,92%,99%,99%,N/A,N/A,100%,94%,,,,,,,,,98%,100%,95%,99%,N/A,N/A,100%,98%,N/A,14%,N/A,14%,N/A,N/A,5%,94%,,100%,,,,,97%,,99%,100%,99%,99%,100%,N/A,100%,98%,,100%,100%,100%,99%,100%,N/A,100%,98%,,99%,100%,99%,99%,100%,N/A,100%,97%
75X596,P.S. X596,,,,www.schools.nyc.gov/schools/X596,John Siracuse,"PK,0K,01,02,03,04,05,06,SE",380,"850 Baychester Avenue, Bronx, NY 10475",718-904-5750,10%,31%,52%,<1%,<1%,6%,15%,,25%,75%,0%,91%,N/A,,,,N/A (fewer than 5 teachers),14%,15%,0%,0%,66%,5.1,87%,,30%,N/A,N/A,99%,N/A,N/A,98%,0%,2%,91%,75%,83%,100%,N/A,N/A,80%,90%,,,,,,,,,85%,71%,86%,87%,N/A,N/A,N/A,100%,43,49%,N/A,13%,42,16%,3%,95%,,100%,,,,,79%,,91%,75%,89%,95%,N/A,N/A,83%,100%,,96%,100%,95%,97%,N/A,N/A,100%,100%,,93%,100%,87%,97%,N/A,N/A,83%,100%
75X721,P.S. X721 - Stephen McSweeney School,,,,www.schools.nyc.gov/schools/X721,Sara Byas Aracena,"09,10,11,12,SE",511,"2697 Westchester Avenue, Bronx, NY 10461",718-597-6404,3%,35%,58%,1%,<1%,3%,37%,,31%,69%,0%,92%,"Dance, Music, Theater, Visual Art",,,Dual Language or TBE,N/A (fewer than 5 teachers),13%,22%,0%,0%,55%,3.8,84%,,46%,Fair,Fair,94%,N/A,N/A,92%,N/A,N/A,88%,N/A,92%,85%,N/A,N/A,N/A,84%,,,,,,,,,95%,N/A,90%,98%,N/A,N/A,N/A,97%,N/A,N/A,N/A,N/A,N/A,N/A,1%,95%,,N/A,,,,,69%,,89%,N/A,85%,90%,N/A,N/A,N/A,88%,,95%,N/A,92%,95%,N/A,N/A,N/A,95%,,90%,N/A,90%,88%,N/A,N/A,N/A,82%
75X723,P.S. 723,,,,www.schools.nyc.gov/schools/X723,Shante Chunn,"0K,01,02,03,04,05,06,07,08,09,10,11,SE",394,"3540 Bivona Street, Bronx, NY 10475",718-320-1222,1%,38%,52%,2%,<1%,6%,9%,,25%,75%,0%,85%,Visual Art,,,,N/A (fewer than 5 teachers),26%,24%,0%,0%,39%,7.7,83%,,31%,Good,Excellent,93%,5%,2%,91%,N/A,N/A,91%,N/A,86%,97%,N/A,N/A,71%,100%,,,,,,,,,86%,N/A,91%,86%,N/A,N/A,67%,91%,N/A,11%,46,33%,33,34%,1%,95%,,N/A,,,,,50%,,91%,N/A,95%,95%,N/A,N/A,57%,80%,,89%,N/A,95%,85%,N/A,N/A,86%,82%,,91%,N/A,90%,95%,N/A,N/A,71%,90%
75X754,J. M. Rapport School Career Development,,,,www.schools.nyc.gov/schools/X754,Daniel Hoehn,"09,10,11,12,SE",378,"470 Jackson Avenue, Bronx, NY 10455",718-993-5581,1%,33%,63%,1%,<1%,1%,29%,,33%,67%,0%,86%,Drawing,,,Dual Language or TBE,8%,17%,30%,0%,0%,36%,11.2,86%,,N/A,Fair,Good,62%,N/A,N/A,92%,N/A,N/A,100%,N/A,N/A,100%,N/A,N/A,N/A,N/A,,,,,,,,,100%,N/A,N/A,100%,N/A,N/A,N/A,N/A,48,31%,N/A,6%,N/A,9%,-4%,95%,,N/A,,,,,N/A,,100%,N/A,N/A,100%,N/A,N/A,N/A,N/A,,100%,N/A,N/A,100%,N/A,N/A,N/A,N/A,,100%,N/A,N/A,100%,N/A,N/A,N/A,N/A
75X811,P.S. X811,,,,www.schools.nyc.gov/schools/X811,Jennifer Currie,"09,10,11,12,SE",598,"1434 Longfellow Avenue, Bronx, NY 10459",718-589-3060,3%,28%,62%,2%,2%,4%,38%,,34%,66%,0%,96%,N/A,,,Dual Language or TBE; Respect for All,8%,29%,33%,N/A (fewer than 5 teachers),0%,28%,2.7,89%,,41%,Fair,Fair,88%,7%,4%,92%,0%,7%,91%,83%,85%,94%,100%,N/A,80%,98%,,,,,,,,,91%,80%,98%,90%,N/A,N/A,80%,95%,N/A,N/A,N/A,3%,N/A,N/A,3%,94%,,N/A,,,,,71%,,87%,80%,84%,88%,100%,N/A,100%,91%,,93%,100%,87%,95%,N/A,N/A,N/A,97%,,92%,100%,86%,93%,100%,N/A,100%,96%
