dbn,school_name,hst_sd_1ip,hst_sd_1ssc,hst_sd_1rf,hst_sd_2w,hst_sd_2p,hst_sp_2g,hst_sd_2e,hst_sd_2am,hst_sd_2as,hst_sd_2a,hst_sd_2l,hst_sd_2n,hst_sd_3as,hst_sd_3bl,hst_sd_3hst,hst_sd_3na,hst_sd_3pi,hst_sd_3wh,hst_sd_3ell,hst_sd_3iep,hst_sd_3eni,hst_sd_3ouc,hst_sd_3f,hst_sd_3m,hst_sd_3nb,hst_sd_4qvar,hst_sd_4spt,hst_sd_4ec,hst_sd_4art,hst_sd_4ps,hst_sd_5as,hst_sd_5bl,hst_sd_5hst,hst_sd_5na,hst_sd_5pi,hst_sd_5wh,hst_sd_5py,hst_sd_5t3,hst_sd_6q1a,hst_sd_6q1b,hst_sd_6q1h,hst_sd_6q1n,hst_sd_6q1p,hst_sd_6q1w,hst_sd_6q1e,hst_sd_6q1i,hst_sd_6q2,hst_sd_6q3,hst_ip_1crs,hst_ip_1pc,hst_ip_1ce,hst_ip_2ap,hst_ip_2nap,hst_ip_2ra,hst_ip_2rb,hst_ip_2rh,hst_ip_2rn,hst_ip_2rp,hst_ip_2rw,hst_ip_3mv,hst_ip_3sef,hst_ip_3sep,hst_ip_3sen,hst_ip_3rsf,hst_ip_3rsp,hst_ip_3rsn,hst_ip_4gr,hst_ip_4gra,hst_ip_4grb,hst_ip_4grh,hst_ip_4grn,hst_ip_4grp,hst_ip_4grw,hst_ip_4grf,hst_ip_4grm,hst_ip_4gre,hst_ip_4gri,hst_ip_4mar,hst_ip_4ouc,hst_ip_4hstp,hst_ip_5q,hst_ip_5q1,hst_ip_5q1a,hst_ip_5q1b,hst_ip_5q1h,hst_ip_5q1n,hst_ip_5q1p,hst_ip_5q1w,hst_ip_5q1e,hst_ip_5q1i,hst_ssc_1qp,hst_ssc_1q1,hst_ssc_1q1a,hst_ssc_1q1b,hst_ssc_1q1h,hst_ssc_1q1n,hst_ssc_1q1p,hst_ssc_1q1w,hst_ssc_1q1e,hst_ssc_1q1i,hst_ssc_2qp,hst_ssc_2q1,hst_ssc_2q2,hst_ssc_3qp,hst_ssc_3q1,hst_ssc_3q1a,hst_ssc_3q1b,hst_ssc_3q1h,hst_ssc_3q1n,hst_ssc_3q1p,hst_ssc_3q1w,hst_ssc_3q1e,hst_ssc_3q1i,hst_ssc_4sa,hst_ssc_4sa90,hst_ssc_4ta,hst_ssc_5qp,hst_ssc_5q1,hst_ssc_5q1a,hst_ssc_5q1b,hst_ssc_5q1h,hst_ssc_5q1n,hst_ssc_5q1p,hst_ssc_5q1w,hst_ssc_5q1e,hst_ssc_5q1i,hst_ssc_5q2,hst_ssc_5q2a,hst_ssc_5q2b,hst_ssc_5q2h,hst_ssc_5q2n,hst_ssc_5q2p,hst_ssc_5q2w,hst_ssc_5q2e,hst_ssc_5q2i,hst_ssc_5q3,hst_ssc_5q3a,hst_ssc_5q3b,hst_ssc_5q3h,hst_ssc_5q3n,hst_ssc_5q3p,hst_ssc_5q3w,hst_ssc_5q3e,hst_ssc_5q3i,hst_rf_1qp,hst_rf_1q1,hst_rf_1q1a,hst_rf_1q1b,hst_rf_1q1h,hst_rf_1q1n,hst_rf_1q1p,hst_rf_1q1w,hst_rf_1q1e,hst_rf_1q1i,hst_rf_2qp,hst_rf_2q1,hst_rf_2q1a,hst_rf_2q1b,hst_rf_2q1h,hst_rf_2q1n,hst_rf_2q1p,hst_rf_2q1w,hst_rf_2q1e,hst_rf_2q1i,hst_rf_3qp,hst_rf_3q1,hst_rf_3q1a,hst_rf_3q1b,hst_rf_3q1h,hst_rf_3q1n,hst_rf_3q1p,hst_rf_3q1w,hst_rf_3q1e,hst_rf_3q1i
01M458,Forsyth Satellite Academy,Excellent,Excellent,Excellent,Forsythsatellite.org,Samantha Pritchard,,180,,Local Support and Improvement,198 Forsyth Street,"Manhattan, NY 10002",212-677-8900,2%,34%,59%,0%,<1%,3%,8%,38%,93%,47%,50%,50%,0%,98%,,,"Fashion and Textile Design, Three-Dimensional Art, Visual Art, Filmmaking / Video",Community School; Consortium; Future Ready NYC; PROSE,N/A (fewer than 5 teachers),N/A (fewer than 5 teachers),57%,0%,0%,N/A (fewer than 5 teachers),3,71%,N/A,96%,97%,N/A,N/A,100%,92%,95%,100%,100%,24,27%,25%,,140 (78%),1% (2),36% (55),57% (88),<1% (1),<1% (1),4% (6),Excellent,97%,N/A,N/A,83%,0%,17%,73%,N/A,82%,68%,N/A,N/A,N/A,85%,59%,N/A,71%,27%,67%,77%,91%,100%,N/A,100%,100%,N/A,N/A,100%,100%,100%,94%,99%,N/A,100%,99%,N/A,N/A,100%,100%,100%,99%,90%,100%,94%,94%,N/A,93%,95%,N/A,N/A,100%,100%,94%,,,95%,89%,90%,N/A,93%,89%,N/A,N/A,80%,83%,86%,98%,N/A,96%,98%,N/A,N/A,100%,92%,95%,98%,N/A,100%,98%,N/A,N/A,60%,100%,95%,98%,100%,N/A,100%,100%,N/A,N/A,100%,100%,100%,99%,100%,N/A,100%,100%,N/A,N/A,100%,100%,100%,100%,100%,N/A,100%,100%,N/A,N/A,100%,100%,100%
01M515,Lower East Side Preparatory High School,Excellent,Excellent,Excellent,www.lespnyc.com,Rene Anaya,,564,,Local Support and Improvement,145 Stanton Street,"Manhattan, NY 10002",212-505-6366,29%,13%,56%,<1%,<1%,2%,65%,10%,>95%,46%,39%,61%,0%,94%,,,"Drawing, Mixed Media, Visual Art, Studio Art, Dramatic Literature, Core Music, Art History",21st Century Community Learning Center; Community School; Dual Language or TBE; DYCD: Beacon; DYCD: COMPASS/SONYC; NYC Solves; New Arrivals; PROSE; Respect for All,32%,N/A (fewer than 5 teachers),30%,0%,0%,30%,9,89%,92%,76%,90%,N/A,N/A,N/A,91%,70%,97%,95%,36,40%,40%,124 (22%),129 (23%),48% (92),6% (11),44% (84),0% (0),<1% (1),3% (5),Needs Improvement,100%,0%,0%,67%,0%,33%,53%,70%,79%,28%,N/A,N/A,N/A,66%,44%,50%,36%,41%,68%,59%,88%,92%,98%,86%,89%,N/A,N/A,N/A,90%,90%,87%,91%,91%,85%,92%,N/A,N/A,N/A,92%,90%,95%,100%,100%,93%,91%,97%,79%,90%,N/A,N/A,N/A,91%,73%,,,97%,86%,68%,79%,55%,62%,N/A,N/A,N/A,68%,41%,95%,98%,90%,93%,N/A,N/A,N/A,95%,86%,88%,88%,78%,89%,N/A,N/A,N/A,89%,59%,96%,95%,98%,100%,92%,N/A,N/A,N/A,94%,100%,85%,87%,78%,100%,92%,N/A,N/A,N/A,88%,100%,98%,98%,96%,100%,99%,N/A,N/A,N/A,98%,100%
01M650,Cascades High School,Good,Excellent,Excellent,www.schools.nyc.gov/schools/M650,Claire Sheehan,,148,,Local Support and Improvement,198 Forsyth Street,"Manhattan, NY 10002",646-654-1261,2%,40%,52%,<1%,1%,3%,5%,41%,92%,70%,53%,47%,0%,94%,,,"Painting, Drawing, Art History",NYC Solves; PROSE,N/A (fewer than 5 teachers),N/A (fewer than 5 teachers),36%,0%,0%,N/A (fewer than 5 teachers),8,93%,N/A,92%,94%,N/A,N/A,N/A,N/A,82%,100%,57%,17,15%,22%,14 (9%),106 (72%),<1% (1),39% (42),53% (57),<1% (1),0% (0),5% (5),Needs Improvement,98%,N/A,N/A,74%,0%,26%,62%,N/A,44%,70%,N/A,N/A,N/A,69%,57%,N/A,66%,39%,68%,73%,82%,97%,N/A,100%,94%,N/A,N/A,N/A,N/A,100%,86%,97%,N/A,92%,100%,N/A,N/A,N/A,N/A,100%,96%,93%,93%,91%,88%,N/A,92%,83%,N/A,N/A,N/A,N/A,75%,,,97%,89%,85%,N/A,85%,89%,N/A,N/A,N/A,N/A,75%,100%,N/A,100%,100%,N/A,N/A,N/A,N/A,100%,85%,N/A,92%,83%,N/A,N/A,N/A,N/A,92%,99%,100%,N/A,N/A,100%,N/A,N/A,N/A,N/A,N/A,84%,78%,N/A,N/A,86%,N/A,N/A,N/A,N/A,N/A,100%,100%,N/A,N/A,100%,N/A,N/A,N/A,N/A,N/A
02M313,"James Baldwin School, The: A School for Expeditionary Learning",Excellent,Good,Good,www.thejamesbaldwinschool.org,Melissa Jacobs,,161,,Local Support and Improvement,351 West 18 Street,"Manhattan, NY 10011",212-627-2812,2%,35%,57%,3%,0%,2%,6%,32%,92%,47%,53%,47%,0%,94%,,,"Visual Art, Illustration, Mixed Media",Consortium; CS for All; Project Pivot; PROSE,N/A (fewer than 5 teachers),35%,N/A (fewer than 5 teachers),0%,0%,35%,1,100%,N/A,88%,100%,N/A,N/A,N/A,N/A,100%,88%,88%,26,23%,39%,,106 (66%),3% (3),34% (41),58% (69),2% (2),<1% (1),3% (3),Good,98%,N/A,N/A,98%,N/A,N/A,73%,N/A,86%,53%,N/A,N/A,N/A,69%,81%,N/A,71%,72%,N/A,80%,90%,98%,N/A,100%,100%,N/A,N/A,N/A,N/A,100%,88%,92%,N/A,100%,90%,N/A,N/A,N/A,N/A,89%,99%,100%,100%,95%,95%,N/A,94%,97%,N/A,N/A,N/A,N/A,89%,,,97%,90%,84%,N/A,94%,79%,N/A,N/A,N/A,N/A,94%,98%,N/A,100%,100%,N/A,N/A,N/A,N/A,100%,89%,N/A,88%,94%,N/A,N/A,N/A,N/A,78%,96%,91%,N/A,92%,93%,N/A,N/A,N/A,N/A,89%,87%,95%,N/A,92%,96%,N/A,N/A,N/A,N/A,100%,96%,98%,N/A,100%,96%,N/A,N/A,N/A,N/A,94%
02M394,Emma Lazarus High School,Excellent,Excellent,Good,www.emmalazarus.org,Michael Giovacchini,,293,,Local Support and Improvement,100 Hester Street,"Manhattan, NY 10002",212-925-5017,34%,19%,40%,<1%,0%,6%,83%,<1%,>95%,62%,42%,58%,0%,94%,,,"Mixed Media, Visual Art, Music Technology",NYC Solves; New Arrivals; Respect for All,29%,0%,N/A (fewer than 5 teachers),0%,0%,43%,2.4,86%,94%,97%,98%,N/A,N/A,90%,96%,N/A,90%,85%,34,43%,50%,34 (12%),67 (23%),50% (38),3% (2),33% (25),0% (0),0% (0),14% (11),N/A,N/A,N/A,N/A,N/A,0%,N/A,59%,56%,54%,63%,N/A,N/A,N/A,71%,52%,59%,N/A,48%,73%,70%,88%,90%,97%,83%,86%,N/A,N/A,91%,88%,N/A,90%,96%,94%,97%,97%,N/A,N/A,100%,96%,N/A,94%,100%,95%,90%,87%,94%,81%,84%,N/A,N/A,82%,87%,N/A,,,97%,85%,68%,76%,63%,67%,N/A,N/A,45%,69%,N/A,94%,99%,85%,97%,N/A,N/A,73%,94%,N/A,86%,89%,78%,89%,N/A,N/A,64%,87%,N/A,97%,96%,99%,95%,95%,N/A,N/A,92%,96%,N/A,78%,78%,80%,85%,76%,N/A,N/A,62%,77%,N/A,97%,97%,98%,94%,97%,N/A,N/A,100%,97%,N/A
02M544,Independence High School,Fair,Fair,Fair,www.ihsnyc.com,Sara Powers,,270,,Comprehensive Support and Improvement,850 10 Avenue,"Manhattan, NY 10019",212-262-8067,2%,36%,58%,1%,0%,3%,25%,30%,95%,68%,43%,57%,0%,91%,,,"Visual Art, Drawing",Community School; NYC Solves; PROSE,N/A (fewer than 5 teachers),N/A (fewer than 5 teachers),21%,N/A (fewer than 5 teachers),N/A (fewer than 5 teachers),67%,3,83%,N/A,88%,77%,N/A,N/A,N/A,96%,65%,63%,47%,13,10%,19%,23 (9%),114 (42%),<1% (1),35% (44),59% (74),0% (0),0% (0),4% (5),Fair,65%,N/A,N/A,85%,0%,15%,50%,N/A,47%,48%,N/A,N/A,N/A,51%,49%,42%,47%,25%,57%,64%,76%,80%,N/A,65%,95%,N/A,N/A,N/A,79%,89%,76%,86%,N/A,86%,85%,N/A,N/A,N/A,93%,83%,78%,74%,79%,83%,82%,N/A,84%,79%,N/A,N/A,N/A,86%,82%,,,97%,78%,58%,N/A,61%,60%,N/A,N/A,N/A,69%,41%,89%,N/A,88%,91%,N/A,N/A,N/A,97%,86%,84%,N/A,85%,88%,N/A,N/A,N/A,97%,77%,88%,91%,N/A,78%,100%,N/A,N/A,N/A,100%,100%,71%,67%,N/A,62%,69%,N/A,N/A,N/A,86%,N/A,91%,83%,N/A,71%,91%,N/A,N/A,N/A,80%,N/A
02M550,Liberty High School Academy for Newcomers,Good,Good,Good,www.libertyhsnyc.com,Rhonda Huegel,,461,,Local Support and Improvement,250 West 18 Street,"Manhattan, NY 10011",212-691-0934,2%,29%,62%,<1%,<1%,6%,88%,1%,>95%,61%,37%,63%,0%,93%,,,"Art History, Visual Art",CS for All; NYC Solves; New Arrivals,24%,0%,21%,0%,0%,49%,12,70%,83%,88%,90%,N/A,N/A,95%,88%,N/A,81%,78%,20,19%,33%,106 (23%),233 (51%),4% (10),24% (63),67% (173),0% (0),<1% (1),5% (13),N/A,N/A,N/A,0%,N/A,0%,N/A,46%,N/A,81%,26%,N/A,N/A,N/A,57%,39%,46%,N/A,42%,N/A,47%,84%,84%,100%,71%,91%,N/A,N/A,89%,82%,N/A,84%,89%,100%,84%,89%,N/A,N/A,100%,87%,N/A,90%,96%,89%,92%,91%,100%,89%,93%,N/A,N/A,84%,90%,N/A,,,96%,84%,67%,100%,70%,60%,N/A,N/A,85%,66%,N/A,95%,100%,93%,95%,N/A,N/A,100%,95%,N/A,88%,100%,86%,88%,N/A,N/A,89%,87%,N/A,93%,90%,80%,85%,95%,N/A,N/A,91%,91%,N/A,80%,74%,40%,71%,80%,N/A,N/A,64%,75%,N/A,95%,93%,100%,86%,98%,N/A,N/A,90%,93%,N/A
02M560,High School M560 - City As School,Fair,,,www.cityas.org,Rachel Seher,,545,,Local Support and Improvement,16 Clarkson Street,"Manhattan, NY 10014",212-337-6800,3%,31%,49%,1%,0%,14%,7%,39%,83%,43%,49%,51%,<1%,90%,,,"Visual Art, Guitar, Music Enterprise, Management, and Careers",Career Readiness and Modern Youth Apprenticeship; Consortium; DYCD: Beacon; PROSE,N/A (fewer than 5 teachers),18%,24%,0%,0%,47%,6.6,89%,N/A,86%,86%,N/A,N/A,100%,N/A,94%,81%,57%,30,26%,32%,,121 (22%),4% (5),26% (31),53% (64),<1% (1),0% (0),13% (16),Fair,92%,N/A,N/A,80%,0%,20%,64%,N/A,54%,61%,N/A,N/A,85%,64%,64%,57%,58%,22%,44%,68%,N/A,96%,N/A,93%,96%,N/A,N/A,100%,N/A,100%,N/A,94%,N/A,93%,96%,N/A,N/A,86%,N/A,89%,N/A,95%,86%,N/A,98%,N/A,100%,100%,N/A,N/A,100%,N/A,94%,,,95%,N/A,81%,N/A,80%,79%,N/A,N/A,86%,N/A,83%,96%,N/A,93%,96%,N/A,N/A,100%,N/A,94%,89%,N/A,93%,88%,N/A,N/A,86%,N/A,89%,N/A,100%,N/A,N/A,N/A,N/A,N/A,N/A,N/A,N/A,N/A,100%,N/A,N/A,N/A,N/A,N/A,N/A,N/A,N/A,N/A,100%,N/A,N/A,N/A,N/A,N/A,N/A,N/A,N/A
02M565,Urban Academy Laboratory High School,Excellent,Excellent,Good,www.schools.nyc.gov/schools/M565,Christine Olson,,131,,Local Support and Improvement,317 East 67 Street,"Manhattan, NY 10065",212-570-5284,0%,22%,43%,0%,<1%,27%,2%,24%,60%,7%,65%,34%,<1%,80%,,,"Visual Art, Photography, Musical Theater, Filmmaking / Video, Art History, Mixed Media",Consortium; PROSE; Respect for All,N/A (fewer than 5 teachers),31%,N/A (fewer than 5 teachers),0%,0%,38%,5,75%,N/A,88%,74%,N/A,N/A,95%,N/A,75%,94%,81%,47,50%,55%,,85 (65%),0% (0),24% (23),38% (37),0% (0),1% (1),30% (29),Needs Improvement,64%,N/A,N/A,100%,0%,0%,83%,N/A,N/A,79%,N/A,N/A,N/A,83%,82%,N/A,79%,N/A,N/A,89%,90%,96%,N/A,88%,97%,N/A,N/A,100%,N/A,100%,92%,100%,N/A,100%,100%,N/A,N/A,100%,N/A,100%,98%,100%,100%,93%,85%,N/A,83%,83%,N/A,N/A,86%,N/A,83%,,,100%,85%,60%,N/A,56%,58%,N/A,N/A,67%,N/A,50%,98%,N/A,100%,97%,N/A,N/A,95%,N/A,92%,86%,N/A,89%,83%,N/A,N/A,95%,N/A,83%,96%,87%,N/A,100%,89%,N/A,N/A,84%,N/A,67%,90%,92%,N/A,86%,95%,N/A,N/A,95%,N/A,67%,93%,92%,N/A,100%,89%,N/A,N/A,95%,N/A,78%
02M570,Satellite Academy High School,Fair,Good,Excellent,www.schools.nyc.gov/schools/M570,Paul Melkonian,,148,,Comprehensive Support and Improvement,120 West 30 Street,"Manhattan, NY 10001",646-674-2800,1%,28%,69%,0%,0%,1%,9%,35%,93%,76%,56%,44%,0%,92%,,,"Photography, Three-Dimensional Art, Studio Art",Consortium; NYC Solves; PROSE,N/A (fewer than 5 teachers),N/A (fewer than 5 teachers),N/A (fewer than 5 teachers),0%,0%,55%,19,100%,N/A,95%,97%,N/A,N/A,N/A,N/A,95%,100%,82%,18,9%,10%,,81 (55%),1% (1),27% (22),68% (55),0% (0),0% (0),4% (3),Fair,98%,N/A,N/A,85%,0%,15%,40%,N/A,57%,29%,N/A,N/A,N/A,45%,35%,N/A,25%,20%,45%,52%,87%,100%,N/A,100%,100%,N/A,N/A,N/A,N/A,100%,81%,98%,N/A,100%,97%,N/A,N/A,N/A,N/A,95%,91%,82%,91%,96%,93%,N/A,100%,88%,N/A,N/A,N/A,N/A,91%,,,95%,89%,77%,N/A,79%,74%,N/A,N/A,N/A,N/A,74%,98%,N/A,95%,100%,N/A,N/A,N/A,N/A,95%,93%,N/A,95%,94%,N/A,N/A,N/A,N/A,83%,100%,100%,N/A,N/A,100%,N/A,N/A,N/A,N/A,N/A,95%,100%,N/A,N/A,100%,N/A,N/A,N/A,N/A,N/A,100%,100%,N/A,N/A,100%,N/A,N/A,N/A,N/A,N/A
02M575,Manhattan Comprehensive Night and Day High School,Fair,Good,Good,www.schools.nyc.gov/schools/M575,Kristin Erickson,,709,,Local Support and Improvement,240 2 Avenue,"Manhattan, NY 10003",212-353-2010,5%,42%,49%,<1%,0%,4%,80%,6%,>95%,85%,37%,63%,0%,94%,,,"Core Music, Studio Art, Classroom Music, Graphic Design",21st Century Community Learning Center; Community School; NYC Solves; Respect for All,16%,12%,12%,0%,0%,54%,3.9,78%,100%,98%,93%,N/A,N/A,93%,96%,100%,73%,36%,23,26%,23%,46 (6%),59 (8%),8% (11),37% (51),50% (68),<1% (1),0% (0),4% (6),Needs Improvement,79%,21%,0%,96%,N/A,N/A,41%,52%,56%,30%,N/A,N/A,N/A,42%,40%,38%,29%,35%,32%,51%,83%,87%,100%,77%,94%,N/A,N/A,100%,86%,92%,88%,92%,96%,89%,94%,N/A,N/A,93%,92%,92%,83%,82%,80%,90%,88%,93%,89%,87%,N/A,N/A,87%,89%,71%,,,96%,83%,62%,89%,65%,55%,N/A,N/A,67%,61%,50%,96%,100%,94%,96%,N/A,N/A,100%,95%,100%,89%,93%,90%,87%,N/A,N/A,93%,88%,86%,88%,89%,88%,91%,90%,N/A,N/A,N/A,91%,100%,67%,63%,50%,69%,62%,N/A,N/A,N/A,57%,100%,95%,94%,100%,97%,91%,N/A,N/A,N/A,94%,100%
02M586,Harvey Milk High School,Fair,Good,Excellent,www.hmhsnyc.org,Mark Jabir,,94,,Local Support and Improvement,2-10 Astor Place,"Manhattan, NY 10003",212-477-1555,2%,16%,62%,0%,1%,14%,4%,44%,82%,22%,52%,43%,5%,68%,,,"Fashion and Textile Design, Painting",NYC Solves,N/A (fewer than 5 teachers),N/A (fewer than 5 teachers),N/A (fewer than 5 teachers),N/A (fewer than 5 teachers),N/A (fewer than 5 teachers),88%,1,75%,N/A,N/A,67%,N/A,N/A,N/A,N/A,75%,100%,100%,20,17%,39%,28 (30%),32 (34%),2% (1),12% (5),67% (28),0% (0),2% (1),10% (4),Needs Improvement,79%,N/A,N/A,78%,0%,22%,37%,N/A,N/A,39%,N/A,N/A,N/A,39%,N/A,N/A,21%,N/A,N/A,70%,84%,93%,N/A,N/A,93%,N/A,N/A,N/A,N/A,89%,76%,91%,N/A,N/A,92%,N/A,N/A,N/A,N/A,71%,98%,100%,100%,84%,77%,N/A,N/A,86%,N/A,N/A,N/A,N/A,62%,,,97%,77%,56%,N/A,N/A,57%,N/A,N/A,N/A,N/A,56%,96%,N/A,N/A,92%,N/A,N/A,N/A,N/A,100%,63%,N/A,N/A,50%,N/A,N/A,N/A,N/A,56%,100%,100%,N/A,N/A,100%,N/A,N/A,N/A,N/A,N/A,92%,100%,N/A,N/A,100%,N/A,N/A,N/A,N/A,N/A,100%,100%,N/A,N/A,100%,N/A,N/A,N/A,N/A,N/A
03M404,Innovation Diploma Plus,Fair,Good,Good,www.schools.nyc.gov/schools/M404,Daniel Storchan,,125,,Local Support and Improvement,145 West 84 Street,"Manhattan, NY 10024",212-724-2039,<1%,23%,74%,0%,0%,2%,9%,19%,93%,46%,50%,50%,0%,89%,,,"Visual Art, Mixed Media",Future Ready NYC; NYC Solves; Pathways Advising; PROSE,0%,N/A (fewer than 5 teachers),N/A (fewer than 5 teachers),0%,0%,56%,11.1,89%,N/A,100%,94%,N/A,N/A,N/A,100%,78%,88%,88%,14,27%,13%,20 (16%),70 (56%),4% (3),30% (24),65% (51),0% (0),0% (0),1% (1),Needs Improvement,47%,N/A,N/A,90%,N/A,N/A,45%,N/A,48%,36%,N/A,N/A,N/A,43%,46%,N/A,29%,N/A,27%,66%,80%,93%,N/A,83%,97%,N/A,N/A,N/A,100%,90%,83%,80%,N/A,83%,81%,N/A,N/A,N/A,60%,40%,95%,100%,100%,91%,80%,N/A,58%,88%,N/A,N/A,N/A,80%,64%,,,97%,83%,61%,N/A,67%,61%,N/A,N/A,N/A,60%,45%,96%,N/A,92%,97%,N/A,N/A,N/A,100%,91%,87%,N/A,75%,94%,N/A,N/A,N/A,80%,73%,98%,90%,N/A,100%,87%,N/A,N/A,N/A,N/A,80%,80%,81%,N/A,83%,80%,N/A,N/A,N/A,N/A,100%,95%,95%,N/A,100%,93%,N/A,N/A,N/A,N/A,100%
04M310,The Judith S. Kaye School,Good,,,www.schools.nyc.gov/schools/M310,Andrew Brown,,203,,Local Support and Improvement,321 East 96 Street,"Manhattan, NY 10128",212-369-1509,10%,39%,45%,2%,0%,3%,5%,34%,89%,72%,35%,65%,0%,100%,,,"Music History, Studio Art, Mixed Media, Visual Art",NYC Solves; Project Pivot; PROSE,0%,N/A (fewer than 5 teachers),N/A (fewer than 5 teachers),0%,0%,54%,8.2,85%,N/A,100%,100%,N/A,N/A,N/A,N/A,100%,100%,100%,19,8%,17%,,63 (31%),10% (6),41% (26),38% (24),5% (3),0% (0),5% (3),Needs Improvement,93%,N/A,N/A,64%,0%,36%,65%,N/A,60%,64%,N/A,N/A,N/A,63%,67%,N/A,56%,57%,67%,82%,N/A,100%,N/A,N/A,100%,N/A,N/A,N/A,N/A,100%,N/A,94%,N/A,N/A,100%,N/A,N/A,N/A,N/A,100%,N/A,100%,100%,N/A,100%,N/A,N/A,100%,N/A,N/A,N/A,N/A,100%,,,96%,N/A,94%,N/A,100%,90%,N/A,N/A,N/A,N/A,100%,100%,N/A,100%,100%,N/A,N/A,N/A,N/A,100%,100%,N/A,100%,100%,N/A,N/A,N/A,N/A,100%,N/A,100%,N/A,N/A,100%,N/A,N/A,N/A,N/A,N/A,N/A,100%,N/A,N/A,100%,N/A,N/A,N/A,N/A,N/A,N/A,100%,N/A,N/A,100%,N/A,N/A,N/A,N/A,N/A
04M505,Edward A. Reynolds West Side High School,Needs Improvement,,,www.schools.nyc.gov/schools/M505,Marangelitza Rivera,,370,,Comprehensive Support and Improvement,105 East 106 Street,"New York, NY 10029",332-213-2630,1%,31%,64%,<1%,<1%,2%,44%,27%,>95%,74%,41%,59%,0%,92%,,,"Painting, Piano Keyboard, Computer Art / Digital Art, Visual Art, Classroom Music",Dual Language or TBE; NYC Solves; Project Pivot,N/A (fewer than 5 teachers),24%,N/A (fewer than 5 teachers),0%,0%,44%,2.6,92%,N/A,78%,94%,N/A,N/A,N/A,96%,N/A,100%,85%,18,23%,14%,61 (16%),52 (14%),4% (4),18% (20),75% (82),0% (0),0% (0),3% (3),Excellent,58%,36%,6%,87%,0%,13%,49%,N/A,51%,49%,N/A,N/A,N/A,56%,44%,71%,51%,37%,33%,61%,N/A,96%,N/A,90%,97%,N/A,N/A,N/A,100%,N/A,N/A,83%,N/A,57%,88%,N/A,N/A,N/A,95%,N/A,N/A,100%,100%,N/A,90%,N/A,91%,89%,N/A,N/A,N/A,92%,100%,,,97%,N/A,67%,N/A,75%,62%,N/A,N/A,N/A,65%,40%,98%,N/A,100%,97%,N/A,N/A,N/A,100%,80%,78%,N/A,67%,81%,N/A,N/A,N/A,85%,80%,N/A,N/A,N/A,N/A,N/A,N/A,N/A,N/A,N/A,N/A,N/A,N/A,N/A,N/A,N/A,N/A,N/A,N/A,N/A,N/A,N/A,N/A,N/A,N/A,N/A,N/A,N/A,N/A,N/A,N/A
05M285,Harlem Renaissance High School,Fair,,Good,www.schools.nyc.gov/schools/M285,James Caputo,,198,,Local Support and Improvement,22 East 128 Street,"Manhattan, NY 10035",212-996-3795,<1%,58%,40%,<1%,0%,2%,6%,38%,94%,68%,49%,51%,0%,93%,,,"Music Technology, Drawing, Mixed Media, Visual Art",NYC Solves; Project Pivot; PROSE,N/A (fewer than 5 teachers),N/A (fewer than 5 teachers),31%,0%,0%,N/A (fewer than 5 teachers),8,94%,N/A,94%,100%,N/A,N/A,N/A,N/A,88%,79%,36%,20,15%,28%,,3 (2%),¶,¶,¶,¶,¶,¶,Excellent,88%,N/A,N/A,84%,0%,16%,55%,N/A,54%,55%,N/A,N/A,N/A,57%,54%,60%,51%,14%,52%,66%,N/A,93%,N/A,95%,89%,N/A,N/A,N/A,N/A,89%,N/A,92%,N/A,90%,100%,N/A,N/A,N/A,N/A,86%,N/A,93%,100%,N/A,97%,N/A,95%,100%,N/A,N/A,N/A,N/A,100%,,,95%,N/A,63%,N/A,60%,70%,N/A,N/A,N/A,N/A,80%,100%,N/A,100%,100%,N/A,N/A,N/A,N/A,100%,87%,N/A,90%,80%,N/A,N/A,N/A,N/A,90%,93%,92%,N/A,93%,90%,N/A,N/A,N/A,N/A,89%,75%,72%,N/A,72%,71%,N/A,N/A,N/A,N/A,79%,96%,91%,N/A,92%,90%,N/A,N/A,N/A,N/A,94%
06M423,High School for Excellence and Innovation,Excellent,Good,Excellent,www.schools.nyc.gov/schools/M423,Tyona Washington,,202,,Local Support and Improvement,650 Academy Street,"Manhattan, NY 10034",212-569-1022,0%,4%,96%,0%,0%,0%,68%,8%,>95%,42%,37%,63%,0%,97%,,,"Painting, Art History",Community School; CS for All; Future Ready NYC; NYC Solves; PROSE; Respect for All,N/A (fewer than 5 teachers),N/A (fewer than 5 teachers),N/A (fewer than 5 teachers),0%,0%,53%,16.2,60%,N/A,N/A,94%,N/A,N/A,N/A,94%,100%,86%,79%,27,34%,41%,82 (41%),112 (55%),0% (0),5% (7),95% (138),0% (0),0% (0),0% (0),Excellent,47%,N/A,N/A,92%,N/A,N/A,82%,N/A,N/A,80%,N/A,N/A,N/A,79%,83%,84%,69%,67%,N/A,84%,87%,95%,N/A,N/A,95%,N/A,N/A,N/A,93%,100%,93%,98%,N/A,N/A,98%,N/A,N/A,N/A,99%,100%,94%,93%,93%,97%,98%,N/A,N/A,98%,N/A,N/A,N/A,100%,100%,,,97%,91%,78%,N/A,N/A,77%,N/A,N/A,N/A,80%,80%,100%,N/A,N/A,100%,N/A,N/A,N/A,100%,100%,86%,N/A,N/A,86%,N/A,N/A,N/A,89%,90%,99%,100%,N/A,100%,100%,N/A,N/A,N/A,100%,100%,99%,99%,N/A,100%,99%,N/A,N/A,N/A,100%,100%,100%,100%,N/A,100%,100%,N/A,N/A,N/A,100%,100%
07X379,Jill Chaifetz Transfer High School,Fair,,Excellent,www.schools.nyc.gov/schools/X379,Jessy Simon,,191,,Comprehensive Support and Improvement,778 Forest Avenue,"Bronx, NY 10456",718-402-2429,0%,32%,66%,<1%,0%,2%,14%,36%,>95%,71%,48%,52%,0%,95%,,,"Studio Art, Visual Art, Computer Art / Digital Art",Community School; NYC Solves; PROSE,N/A (fewer than 5 teachers),N/A (fewer than 5 teachers),32%,0%,0%,47%,2.2,89%,N/A,N/A,89%,N/A,N/A,N/A,N/A,50%,89%,89%,12,21%,13%,,179 (94%),0% (0),25% (45),71% (128),<1% (1),0% (0),3% (6),Excellent,71%,N/A,N/A,94%,N/A,N/A,43%,N/A,51%,40%,N/A,N/A,N/A,39%,45%,40%,43%,23%,50%,62%,N/A,91%,N/A,N/A,90%,N/A,N/A,N/A,N/A,67%,N/A,95%,N/A,N/A,100%,N/A,N/A,N/A,N/A,83%,N/A,100%,89%,N/A,83%,N/A,N/A,86%,N/A,N/A,N/A,N/A,83%,,,97%,N/A,54%,N/A,N/A,57%,N/A,N/A,N/A,N/A,33%,96%,N/A,N/A,100%,N/A,N/A,N/A,N/A,83%,88%,N/A,N/A,90%,N/A,N/A,N/A,N/A,83%,96%,95%,N/A,N/A,94%,N/A,N/A,N/A,N/A,83%,83%,68%,N/A,N/A,69%,N/A,N/A,N/A,N/A,83%,100%,100%,N/A,N/A,100%,N/A,N/A,N/A,N/A,100%
07X381,Bronx Haven High School,Fair,Good,Excellent,www.schools.nyc.gov/schools/X381,Jazmin Rivera Polanco,,111,,Local Support and Improvement,333 East 151 Street,"Bronx, NY 10451",718-292-3638,0%,28%,66%,4%,0%,<1%,10%,33%,>95%,68%,55%,45%,0%,94%,,,"Visual Art, Mixed Media, Music Technology",Community School; NYC Solves,N/A (fewer than 5 teachers),N/A (fewer than 5 teachers),N/A (fewer than 5 teachers),0%,0%,N/A (fewer than 5 teachers),9.1,89%,N/A,86%,90%,N/A,N/A,N/A,100%,90%,100%,100%,13,20%,13%,29 (26%),75 (68%),1% (1),25% (22),67% (58),3% (3),0% (0),2% (2),Excellent,32%,41%,27%,79%,N/A,N/A,52%,N/A,52%,53%,N/A,N/A,N/A,53%,51%,N/A,40%,32%,48%,66%,82%,94%,N/A,86%,96%,N/A,N/A,N/A,100%,91%,80%,94%,N/A,100%,91%,N/A,N/A,N/A,N/A,90%,97%,100%,100%,91%,79%,N/A,100%,70%,N/A,N/A,N/A,80%,100%,,,97%,83%,57%,N/A,75%,46%,N/A,N/A,N/A,80%,73%,94%,N/A,100%,91%,N/A,N/A,N/A,80%,90%,82%,N/A,100%,79%,N/A,N/A,N/A,100%,100%,98%,98%,N/A,100%,96%,N/A,N/A,N/A,91%,100%,90%,84%,N/A,85%,86%,N/A,N/A,N/A,100%,75%,98%,99%,N/A,100%,98%,N/A,N/A,N/A,91%,100%
07X557,Mott Haven Community High School,Excellent,Good,Fair,www.schools.nyc.gov/schools/X557,Helene Spadaccini,,260,,Local Support and Improvement,455 Southern Blvd,"Bronx, NY 10455",718-665-8512,2%,28%,66%,2%,0%,2%,14%,34%,94%,65%,47%,53%,0%,95%,,,"Studio Art, Drawing, Music History",NYC Solves; Respect for All,N/A (fewer than 5 teachers),38%,N/A (fewer than 5 teachers),0%,0%,29%,13.2,100%,N/A,93%,91%,N/A,N/A,N/A,95%,86%,100%,85%,16,12%,27%,31 (12%),155 (60%),1% (2),27% (44),67% (108),2% (3),0% (0),2% (4),Excellent,48%,N/A,N/A,94%,N/A,N/A,72%,N/A,69%,74%,N/A,N/A,N/A,72%,73%,59%,66%,44%,67%,79%,82%,94%,N/A,93%,94%,N/A,N/A,N/A,90%,94%,86%,95%,N/A,97%,93%,N/A,N/A,N/A,91%,94%,89%,100%,90%,93%,91%,N/A,93%,89%,N/A,N/A,N/A,82%,91%,,,96%,83%,63%,N/A,60%,62%,N/A,N/A,N/A,43%,57%,93%,N/A,95%,91%,N/A,N/A,N/A,74%,93%,84%,N/A,84%,82%,N/A,N/A,N/A,75%,85%,91%,84%,N/A,86%,83%,N/A,N/A,N/A,100%,92%,80%,91%,N/A,85%,92%,N/A,N/A,N/A,92%,92%,89%,85%,N/A,89%,86%,N/A,N/A,N/A,78%,82%
08X377,Bronx Community High School,Good,Good,Excellent,www.schools.nyc.gov/schools/X377,Joel Heckethorn,,170,,Local Support and Improvement,1980 Lafayette Avenue,"Bronx, NY 10473",718-892-1026,2%,26%,63%,4%,0%,4%,29%,23%,>95%,75%,42%,58%,0%,89%,,,"Visual Art, Filmmaking / Video, Painting, Drawing, Dance",NYC Solves; Project Pivot; PROSE; Respect for All,N/A (fewer than 5 teachers),N/A (fewer than 5 teachers),N/A (fewer than 5 teachers),0%,0%,43%,3.5,64%,N/A,76%,94%,N/A,N/A,N/A,96%,82%,91%,82%,16,26%,23%,,,N/A,N/A,N/A,N/A,N/A,N/A,Good,97%,N/A,N/A,90%,N/A,N/A,63%,N/A,80%,57%,N/A,N/A,N/A,58%,67%,44%,56%,60%,59%,65%,86%,88%,N/A,77%,92%,N/A,N/A,N/A,92%,89%,86%,92%,N/A,86%,100%,N/A,N/A,N/A,96%,76%,92%,100%,100%,93%,89%,N/A,82%,89%,N/A,N/A,N/A,92%,84%,,,96%,85%,73%,N/A,64%,71%,N/A,N/A,N/A,81%,56%,97%,N/A,95%,97%,N/A,N/A,N/A,100%,94%,88%,N/A,86%,89%,N/A,N/A,N/A,96%,76%,98%,100%,N/A,N/A,100%,N/A,N/A,N/A,100%,N/A,97%,100%,N/A,N/A,100%,N/A,N/A,N/A,100%,N/A,100%,100%,N/A,N/A,100%,N/A,N/A,N/A,100%,N/A
08X537,Bronx Arena High School,Good,Good,Excellent,www.schools.nyc.gov/schools/X537,Ty Cesene,,199,,Local Support and Improvement,1440 Story Avenue,"Bronx, NY 10473",718-860-5056,1%,30%,64%,2%,<1%,2%,5%,19%,93%,55%,60%,40%,0%,95%,,,"Studio Art, Computer Art / Digital Art",NYC Solves; PROSE; Respect for All,N/A (fewer than 5 teachers),N/A (fewer than 5 teachers),N/A (fewer than 5 teachers),N/A (fewer than 5 teachers),0%,67%,14.2,87%,N/A,94%,100%,N/A,N/A,N/A,N/A,100%,73%,64%,28,20%,16%,3 (2%),22 (11%),0% (0),20% (5),76% (19),0% (0),4% (1),0% (0),Excellent,89%,N/A,N/A,88%,N/A,N/A,57%,N/A,59%,57%,N/A,N/A,N/A,65%,47%,N/A,69%,63%,23%,65%,90%,97%,N/A,100%,100%,N/A,N/A,N/A,N/A,100%,96%,100%,N/A,100%,100%,N/A,N/A,N/A,N/A,100%,80%,64%,45%,95%,98%,N/A,95%,100%,N/A,N/A,N/A,N/A,100%,,,97%,91%,84%,N/A,80%,86%,N/A,N/A,N/A,N/A,80%,100%,N/A,100%,100%,N/A,N/A,N/A,N/A,100%,92%,N/A,90%,94%,N/A,N/A,N/A,N/A,100%,94%,96%,N/A,100%,95%,N/A,N/A,N/A,N/A,100%,88%,97%,N/A,100%,95%,N/A,N/A,N/A,N/A,100%,99%,100%,N/A,100%,100%,N/A,N/A,N/A,N/A,100%
09X350,New Directions Secondary School,Good,Good,Excellent,www.schools.nyc.gov/schools/X350,James Waslawski,,135,,Comprehensive Support and Improvement,240 East 172 Street,"Bronx, NY 10457",718-410-4343,0%,30%,67%,<1%,0%,3%,39%,28%,>95%,36%,49%,51%,0%,92%,,,"Illustration, Music Technology, Studio Art",Community School; CS for All; NYC Solves; PROSE; Receivership,N/A (fewer than 5 teachers),N/A (fewer than 5 teachers),40%,0%,0%,33%,12.2,60%,N/A,85%,76%,N/A,N/A,100%,90%,78%,92%,92%,18,18%,38%,7 (5%),,0% (0),18% (3),76% (13),0% (0),0% (0),6% (1),Excellent,89%,N/A,N/A,67%,0%,33%,57%,N/A,N/A,53%,N/A,N/A,N/A,68%,46%,67%,N/A,N/A,N/A,67%,79%,89%,N/A,94%,86%,N/A,N/A,100%,83%,96%,81%,89%,N/A,91%,88%,N/A,N/A,N/A,87%,92%,89%,85%,92%,89%,88%,N/A,89%,87%,N/A,N/A,100%,84%,81%,,,97%,81%,58%,N/A,59%,56%,N/A,N/A,80%,58%,63%,85%,N/A,86%,84%,N/A,N/A,80%,84%,89%,84%,N/A,81%,84%,N/A,N/A,100%,83%,81%,96%,99%,N/A,100%,100%,N/A,N/A,80%,100%,100%,94%,95%,N/A,97%,95%,N/A,N/A,80%,96%,93%,100%,100%,N/A,100%,100%,N/A,N/A,100%,100%,100%
10X319,Providing Urban Learners Success In Education High School,Fair,Excellent,Excellent,www.schools.nyc.gov/schools/X319,Carol Wiggins,,191,,Comprehensive Support and Improvement,560 East 179 Street,"Bronx, NY 10457",718-294-0230,<1%,29%,66%,1%,0%,3%,15%,27%,>95%,75%,43%,57%,0%,100%,,,Drawing,NYC Solves; PROSE; Respect for All,N/A (fewer than 5 teachers),N/A (fewer than 5 teachers),N/A (fewer than 5 teachers),N/A (fewer than 5 teachers),N/A (fewer than 5 teachers),75%,21.2,100%,N/A,52%,62%,N/A,N/A,60%,80%,60%,92%,92%,16,20%,16%,,2 (1%),¶,¶,¶,¶,¶,¶,Needs Improvement,94%,N/A,N/A,96%,N/A,N/A,44%,N/A,N/A,47%,N/A,N/A,N/A,44%,44%,46%,61%,21%,52%,70%,92%,100%,N/A,100%,100%,N/A,N/A,100%,100%,100%,98%,100%,N/A,100%,100%,N/A,N/A,100%,100%,100%,99%,100%,100%,100%,100%,N/A,100%,100%,N/A,N/A,100%,100%,100%,,,94%,97%,94%,N/A,90%,96%,N/A,N/A,100%,100%,85%,99%,N/A,97%,100%,N/A,N/A,100%,100%,96%,100%,N/A,100%,100%,N/A,N/A,100%,100%,100%,96%,94%,N/A,86%,100%,N/A,N/A,N/A,N/A,100%,87%,94%,N/A,83%,100%,N/A,N/A,N/A,N/A,100%,98%,100%,N/A,100%,100%,N/A,N/A,N/A,N/A,100%
10X397,English Language Learners and International Support Preparatory Academy (ELLIS),Excellent,Good,Excellent,www.schools.nyc.gov/schools/X397,Norma Vega,,276,,Local Support and Improvement,99 Terrace View Avenue,"Bronx, NY 10463",718-220-1889,<1%,28%,69%,1%,0%,<1%,92%,1%,>95%,76%,45%,55%,0%,93%,,,"Drawing, Core Music, Guitar, Hip Hop, Acting, Music Enterprise, Management, and Careers, Art History",Consortium; NYC Solves; Respect for All,N/A (fewer than 5 teachers),N/A (fewer than 5 teachers),29%,0%,0%,48%,17.2,100%,N/A,95%,89%,N/A,N/A,N/A,92%,N/A,86%,64%,30,32%,41%,,183 (66%),<1% (1),33% (68),64% (132),2% (4),0% (0),<1% (2),N/A,0%,N/A,N/A,100%,0%,0%,61%,N/A,N/A,48%,N/A,N/A,N/A,72%,50%,61%,N/A,54%,N/A,61%,83%,85%,N/A,68%,95%,N/A,N/A,N/A,86%,N/A,79%,86%,N/A,90%,84%,N/A,N/A,N/A,85%,N/A,83%,93%,64%,92%,94%,N/A,95%,93%,N/A,N/A,N/A,94%,N/A,,,98%,85%,67%,N/A,77%,62%,N/A,N/A,N/A,62%,N/A,98%,N/A,98%,98%,N/A,N/A,N/A,98%,N/A,82%,N/A,81%,81%,N/A,N/A,N/A,80%,N/A,98%,100%,N/A,N/A,100%,N/A,N/A,N/A,100%,N/A,84%,80%,N/A,N/A,83%,N/A,N/A,N/A,71%,N/A,100%,100%,N/A,N/A,100%,N/A,N/A,N/A,100%,N/A
12X446,Arturo A. Schomburg Satellite Academy Bronx,Good,Fair,Excellent,www.schools.nyc.gov/schools/X446,Marsha Vernon,,287,,Local Support and Improvement,1010 Rev. J. A. Polite Avenue,"Bronx, NY 10459",718-518-3050,2%,25%,69%,1%,<1%,2%,31%,37%,>95%,49%,49%,51%,0%,94%,,,"Studio Art, Art History, Mixed Media, Visual Art, Classroom Music",Community School; Consortium; Dual Language or TBE; Future Ready NYC; NYC Solves; PROSE,N/A (fewer than 5 teachers),25%,25%,0%,0%,35%,14.3,70%,N/A,89%,93%,N/A,N/A,N/A,97%,93%,82%,68%,22,33%,17%,,164 (57%),2% (4),24% (39),70% (115),1% (2),<1% (1),2% (3),Excellent,76%,17%,7%,88%,N/A,N/A,54%,N/A,60%,49%,N/A,N/A,N/A,53%,54%,31%,61%,60%,48%,66%,85%,96%,N/A,93%,97%,N/A,N/A,N/A,95%,95%,88%,95%,100%,91%,97%,N/A,N/A,N/A,95%,93%,87%,86%,82%,92%,86%,80%,89%,85%,N/A,N/A,N/A,79%,84%,,,96%,86%,77%,80%,70%,80%,N/A,N/A,N/A,78%,68%,96%,100%,91%,97%,N/A,N/A,N/A,98%,97%,90%,80%,89%,91%,N/A,N/A,N/A,90%,90%,96%,99%,N/A,98%,100%,N/A,N/A,N/A,100%,100%,92%,89%,N/A,88%,90%,N/A,N/A,N/A,91%,89%,100%,99%,N/A,100%,99%,N/A,N/A,N/A,100%,100%
12X480,Bronx Regional High School,Good,Good,Good,www.schools.nyc.gov/schools/X480,Colin Thomas,,131,,Local Support and Improvement,1010 Rev. J. A. Polite Avenue,"Bronx, NY 10459",718-991-2020,2%,30%,66%,0%,0%,2%,15%,27%,>95%,55%,49%,51%,0%,84%,,,"Studio Art, Illustration, Ceramics, Drawing",Community School; NYC Solves,0%,N/A (fewer than 5 teachers),N/A (fewer than 5 teachers),0%,0%,N/A (fewer than 5 teachers),27,89%,N/A,96%,91%,N/A,N/A,N/A,100%,85%,78%,56%,12,17%,25%,,59 (45%),2% (1),27% (16),67% (40),0% (0),0% (0),3% (2),Fair,92%,N/A,N/A,93%,N/A,N/A,57%,N/A,55%,63%,N/A,N/A,N/A,54%,61%,58%,43%,25%,33%,65%,73%,97%,N/A,95%,98%,N/A,N/A,N/A,90%,90%,85%,89%,N/A,96%,87%,N/A,N/A,N/A,100%,82%,93%,100%,100%,91%,90%,N/A,100%,84%,N/A,N/A,N/A,82%,86%,,,95%,79%,62%,N/A,65%,61%,N/A,N/A,N/A,64%,67%,84%,N/A,88%,82%,N/A,N/A,N/A,100%,86%,76%,N/A,88%,71%,N/A,N/A,N/A,73%,64%,95%,91%,N/A,67%,95%,N/A,N/A,N/A,100%,100%,73%,71%,N/A,86%,68%,N/A,N/A,N/A,67%,50%,93%,93%,N/A,83%,94%,N/A,N/A,N/A,100%,100%
13K553,Brooklyn Academy High School,Fair,Good,Excellent,www.brooklynacademyhs.org,Charon Hall,,125,,Comprehensive Support and Improvement,832 Marcy Avenue,"Brooklyn, NY 11216",718-857-4237,<1%,80%,16%,2%,0%,<1%,4%,38%,91%,62%,48%,52%,0%,97%,,,"Dramatic Literature, Visual Art, Filmmaking / Video",NYC Solves; PROSE,N/A (fewer than 5 teachers),42%,N/A (fewer than 5 teachers),0%,0%,N/A (fewer than 5 teachers),12.9,50%,N/A,100%,100%,N/A,N/A,N/A,N/A,100%,100%,92%,18,30%,12%,,87 (70%),1% (1),77% (74),20% (19),2% (2),0% (0),0% (0),Needs Improvement,38%,N/A,N/A,91%,N/A,N/A,50%,N/A,50%,N/A,N/A,N/A,N/A,44%,56%,N/A,39%,N/A,47%,63%,80%,92%,N/A,94%,92%,N/A,N/A,N/A,N/A,86%,84%,100%,N/A,100%,100%,N/A,N/A,N/A,N/A,100%,92%,92%,100%,98%,100%,N/A,100%,100%,N/A,N/A,N/A,N/A,100%,,,95%,90%,85%,N/A,87%,77%,N/A,N/A,N/A,N/A,86%,100%,N/A,100%,100%,N/A,N/A,N/A,N/A,100%,100%,N/A,100%,100%,N/A,N/A,N/A,N/A,100%,97%,100%,N/A,100%,100%,N/A,N/A,N/A,N/A,100%,82%,79%,N/A,81%,71%,N/A,N/A,N/A,N/A,81%,100%,100%,N/A,100%,100%,N/A,N/A,N/A,N/A,100%
13K616,Brooklyn High School for Leadership and Community Service,Fair,,,www.brooklynleadershiphs.com,Georgia Serves,,170,,Comprehensive Support and Improvement,300 Willoughby Avenue,"Brooklyn, NY 11205",718-638-3062,1%,54%,43%,<1%,<1%,1%,8%,38%,>95%,56%,53%,47%,0%,91%,,,"Studio Art, Visual Art, Choreography / Dance Composition",Community School; NYC Solves; Receivership,N/A (fewer than 5 teachers),43%,N/A (fewer than 5 teachers),N/A (fewer than 5 teachers),N/A (fewer than 5 teachers),50%,17,86%,N/A,91%,79%,N/A,N/A,N/A,N/A,72%,100%,100%,16,23%,13%,93 (55%),55 (32%),0% (0),54% (65),43% (52),<1% (1),<1% (1),<1% (1),Fair,57%,N/A,N/A,87%,N/A,N/A,72%,N/A,72%,73%,N/A,N/A,N/A,71%,73%,N/A,77%,55%,76%,73%,N/A,93%,N/A,92%,95%,N/A,N/A,N/A,N/A,84%,N/A,91%,N/A,92%,88%,N/A,N/A,N/A,N/A,88%,N/A,85%,100%,N/A,81%,N/A,77%,85%,N/A,N/A,N/A,N/A,75%,,,94%,N/A,72%,N/A,69%,75%,N/A,N/A,N/A,N/A,65%,96%,N/A,100%,90%,N/A,N/A,N/A,N/A,90%,79%,N/A,81%,80%,N/A,N/A,N/A,N/A,80%,N/A,N/A,N/A,N/A,N/A,N/A,N/A,N/A,N/A,N/A,N/A,N/A,N/A,N/A,N/A,N/A,N/A,N/A,N/A,N/A,N/A,N/A,N/A,N/A,N/A,N/A,N/A,N/A,N/A,N/A
15K423,Brooklyn Frontiers High School,Good,,Excellent,www.brooklynfrontiers.org,Alona Cohen,,162,,Local Support and Improvement,112 Schermerhorn Street,"Brooklyn, NY 11201",718-722-4727,4%,56%,33%,1%,0%,4%,17%,30%,90%,52%,46%,54%,0%,91%,,,"Mixed Media, Drawing, Ceramics, Painting, Visual Art, Printmaking",Future Ready NYC; NYC Solves; Project Pivot; PROSE,N/A (fewer than 5 teachers),N/A (fewer than 5 teachers),N/A (fewer than 5 teachers),0%,0%,74%,14.2,95%,N/A,89%,92%,N/A,N/A,N/A,N/A,91%,94%,94%,20,37%,19%,104 (64%),,4% (5),58% (69),34% (40),0% (0),0% (0),3% (4),Fair,81%,19%,0%,83%,0%,18%,54%,N/A,61%,47%,N/A,N/A,N/A,47%,64%,N/A,53%,41%,55%,74%,N/A,100%,N/A,100%,100%,N/A,N/A,N/A,N/A,100%,N/A,93%,N/A,93%,100%,N/A,N/A,N/A,N/A,89%,N/A,100%,94%,N/A,100%,N/A,100%,100%,N/A,N/A,N/A,N/A,100%,,,96%,N/A,91%,N/A,89%,92%,N/A,N/A,N/A,N/A,91%,94%,N/A,94%,92%,N/A,N/A,N/A,N/A,91%,94%,N/A,89%,100%,N/A,N/A,N/A,N/A,82%,99%,100%,N/A,100%,N/A,N/A,N/A,N/A,N/A,N/A,88%,90%,N/A,86%,N/A,N/A,N/A,N/A,N/A,N/A,100%,100%,N/A,100%,N/A,N/A,N/A,N/A,N/A,N/A
15K529,West Brooklyn Community High School,Excellent,Good,Excellent,www.schools.nyc.gov/schools/K529,Malik Lewis,,174,,Local Support and Improvement,1053 41 Street,"Brooklyn, NY 11219",718-686-1444,6%,7%,75%,<1%,1%,9%,11%,34%,94%,70%,55%,45%,0%,97%,,,"Illustration, Theater, Art History",NYC Solves; PROSE; Respect for All,N/A (fewer than 5 teachers),41%,N/A (fewer than 5 teachers),0%,0%,29%,7,82%,N/A,N/A,100%,N/A,N/A,86%,100%,95%,94%,94%,21,9%,31%,,12 (7%),0% (0),17% (2),75% (9),8% (1),0% (0),0% (0),Excellent,73%,N/A,N/A,90%,N/A,N/A,73%,N/A,N/A,79%,N/A,N/A,N/A,75%,72%,85%,74%,39%,83%,76%,84%,96%,100%,N/A,96%,N/A,N/A,100%,91%,90%,92%,96%,N/A,N/A,96%,N/A,N/A,86%,100%,95%,95%,100%,89%,97%,96%,100%,N/A,97%,N/A,N/A,86%,92%,88%,,,98%,90%,77%,80%,N/A,77%,N/A,N/A,71%,83%,75%,95%,100%,N/A,95%,N/A,N/A,100%,92%,88%,91%,N/A,N/A,95%,N/A,N/A,71%,91%,92%,97%,98%,80%,N/A,100%,N/A,N/A,N/A,N/A,94%,91%,88%,80%,N/A,89%,N/A,N/A,N/A,N/A,94%,100%,100%,100%,N/A,100%,N/A,N/A,N/A,N/A,100%
15K698,South Brooklyn Community High School,Excellent,Good,Good,www.schools.nyc.gov/schools/K698,Latoya Kittrell,,159,,Local Support and Improvement,173 Conover Street,"Brooklyn, NY 11231",718-237-8902,2%,18%,72%,0%,<1%,6%,25%,33%,92%,66%,50%,50%,0%,96%,,,"Drawing, Mixed Media, Core Music",Career Readiness and Modern Youth Apprenticeship; NYC Solves,N/A (fewer than 5 teachers),N/A (fewer than 5 teachers),N/A (fewer than 5 teachers),0%,0%,58%,11,100%,N/A,95%,95%,N/A,N/A,100%,95%,96%,100%,100%,21,33%,27%,120 (75%),65 (41%),3% (4),23% (32),67% (94),0% (0),0% (0),6% (8),Fair,62%,N/A,N/A,90%,N/A,N/A,80%,N/A,87%,81%,N/A,N/A,N/A,72%,89%,N/A,71%,N/A,85%,82%,86%,95%,N/A,100%,92%,N/A,N/A,100%,95%,93%,85%,92%,N/A,87%,91%,N/A,N/A,100%,84%,90%,95%,93%,100%,96%,94%,N/A,100%,94%,N/A,N/A,88%,90%,97%,,,97%,88%,73%,N/A,57%,75%,N/A,N/A,75%,73%,76%,98%,N/A,100%,97%,N/A,N/A,100%,95%,100%,94%,N/A,90%,94%,N/A,N/A,100%,91%,94%,94%,91%,N/A,100%,89%,N/A,N/A,N/A,100%,94%,79%,79%,N/A,88%,79%,N/A,N/A,N/A,62%,88%,93%,91%,N/A,100%,86%,N/A,N/A,N/A,100%,92%
16K669,Research and Service High School,Needs Improvement,,,www.schools.nyc.gov/schools/K669,Allison Farrington,,190,,Comprehensive Support and Improvement,1700 Fulton Street,"Brooklyn, NY 11213",718-804-6800,<1%,70%,28%,<1%,0%,0%,2%,32%,93%,71%,43%,57%,0%,100%,,,"Core Music, Music Theory / Musicianship",NYC Solves,0%,67%,N/A (fewer than 5 teachers),0%,0%,N/A (fewer than 5 teachers),12.2,87%,N/A,88%,N/A,N/A,N/A,N/A,N/A,86%,N/A,N/A,16,19%,9%,200 (105%),65 (34%),<1% (2),70% (141),27% (55),<1% (2),0% (0),0% (0),Needs Improvement,52%,34%,14%,72%,0%,28%,56%,N/A,61%,45%,N/A,N/A,N/A,52%,58%,N/A,50%,37%,46%,65%,N/A,89%,N/A,88%,N/A,N/A,N/A,N/A,N/A,86%,N/A,100%,N/A,100%,N/A,N/A,N/A,N/A,N/A,100%,N/A,N/A,N/A,N/A,94%,N/A,94%,N/A,N/A,N/A,N/A,N/A,100%,,,96%,N/A,78%,N/A,82%,N/A,N/A,N/A,N/A,N/A,57%,94%,N/A,93%,N/A,N/A,N/A,N/A,N/A,100%,94%,N/A,94%,N/A,N/A,N/A,N/A,N/A,86%,N/A,N/A,N/A,N/A,N/A,N/A,N/A,N/A,N/A,N/A,N/A,N/A,N/A,N/A,N/A,N/A,N/A,N/A,N/A,N/A,N/A,N/A,N/A,N/A,N/A,N/A,N/A,N/A,N/A,N/A
17K568,Brownsville Academy High School,Good,,Excellent,www.schools.nyc.gov/schools/K568,Carol Ying,,92,,Local Support and Improvement,1150 East New York Avenue,"Brooklyn, NY 11212",718-778-7305,0%,63%,34%,3%,0%,0%,15%,29%,>95%,50%,52%,48%,0%,89%,,,Studio Art,Community School; NYC Solves,N/A (fewer than 5 teachers),67%,0%,0%,0%,N/A (fewer than 5 teachers),8,56%,N/A,91%,100%,N/A,N/A,N/A,N/A,N/A,100%,100%,18,20%,20%,59 (64%),66 (72%),0% (0),66% (57),31% (27),3% (3),0% (0),0% (0),Needs Improvement,37%,63%,0%,76%,0%,24%,65%,N/A,66%,N/A,N/A,N/A,N/A,75%,48%,N/A,70%,N/A,57%,67%,N/A,80%,N/A,86%,67%,N/A,N/A,N/A,N/A,N/A,N/A,85%,N/A,92%,71%,N/A,N/A,N/A,N/A,N/A,N/A,100%,71%,N/A,78%,N/A,88%,57%,N/A,N/A,N/A,N/A,N/A,,,97%,N/A,57%,N/A,62%,43%,N/A,N/A,N/A,N/A,N/A,83%,N/A,88%,71%,N/A,N/A,N/A,N/A,N/A,57%,N/A,69%,29%,N/A,N/A,N/A,N/A,N/A,98%,93%,N/A,95%,89%,N/A,N/A,N/A,N/A,100%,89%,96%,N/A,100%,89%,N/A,N/A,N/A,N/A,100%,99%,100%,N/A,100%,100%,N/A,N/A,N/A,N/A,100%
17K646,Aspirations Diploma Plus High School,Fair,,Fair,www.schools.nyc.gov/schools/K646,Sherma Fleming,,145,,Comprehensive Support and Improvement,1150 East New York Avenue,"Brooklyn, NY 11212",718-773-7765,<1%,76%,20%,<1%,0%,3%,10%,30%,88%,73%,46%,54%,0%,91%,,,"Classroom Music, Art History, Filmmaking / Video",Community School; DYCD: COMPASS/SONYC; NYC Solves,N/A (fewer than 5 teachers),50%,0%,0%,0%,N/A (fewer than 5 teachers),9.8,83%,N/A,100%,N/A,N/A,N/A,N/A,N/A,N/A,70%,60%,20,31%,13%,,88 (61%),0% (0),72% (63),24% (21),0% (0),0% (0),3% (3),Excellent,66%,N/A,N/A,64%,0%,36%,55%,N/A,53%,N/A,N/A,N/A,N/A,55%,55%,N/A,55%,25%,52%,64%,N/A,100%,N/A,100%,N/A,N/A,N/A,N/A,N/A,N/A,N/A,69%,N/A,78%,N/A,N/A,N/A,N/A,N/A,N/A,N/A,90%,90%,N/A,92%,N/A,100%,N/A,N/A,N/A,N/A,N/A,N/A,,,95%,N/A,85%,N/A,100%,N/A,N/A,N/A,N/A,N/A,N/A,92%,N/A,100%,N/A,N/A,N/A,N/A,N/A,N/A,85%,N/A,89%,N/A,N/A,N/A,N/A,N/A,N/A,86%,86%,N/A,90%,N/A,N/A,N/A,N/A,N/A,N/A,72%,62%,N/A,56%,N/A,N/A,N/A,N/A,N/A,N/A,83%,82%,N/A,88%,N/A,N/A,N/A,N/A,N/A,N/A
18K578,Brooklyn Bridge Academy,Excellent,Excellent,Excellent,www.schools.nyc.gov/schools/K578,Max Jean Paul,,150,,Local Support and Improvement,6565 Flatlands Avenue,"Brooklyn, NY 11236",718-968-1689,3%,77%,13%,<1%,<1%,4%,11%,23%,88%,66%,49%,51%,0%,100%,,,"Mixed Media, Portfolio Development, Illustration, Studio Art, Visual Art",NYC Solves; Project Pivot,N/A (fewer than 5 teachers),N/A (fewer than 5 teachers),N/A (fewer than 5 teachers),0%,0%,46%,15.2,92%,N/A,100%,100%,N/A,N/A,N/A,100%,100%,67%,67%,21,26%,9%,,72 (48%),1% (1),83% (60),8% (6),3% (2),0% (0),1% (1),Excellent,89%,N/A,N/A,94%,N/A,N/A,62%,N/A,70%,N/A,N/A,N/A,N/A,67%,58%,N/A,59%,35%,59%,67%,93%,100%,N/A,100%,100%,N/A,N/A,N/A,100%,100%,99%,100%,N/A,100%,100%,N/A,N/A,N/A,100%,100%,92%,100%,100%,100%,100%,N/A,100%,100%,N/A,N/A,N/A,100%,100%,,,98%,97%,99%,N/A,99%,100%,N/A,N/A,N/A,100%,100%,100%,N/A,100%,100%,N/A,N/A,N/A,100%,100%,100%,N/A,100%,100%,N/A,N/A,N/A,100%,100%,100%,100%,N/A,100%,100%,N/A,N/A,N/A,100%,100%,97%,94%,N/A,94%,92%,N/A,N/A,N/A,100%,100%,100%,100%,N/A,100%,100%,N/A,N/A,N/A,100%,100%
18K635,Olympus Academy,Good,Good,Excellent,www.schools.nyc.gov/schools/K635,Bruce Gonzales,,182,,Local Support and Improvement,755 East 100 Street,"Brooklyn, NY 11236",718-272-1926,<1%,85%,11%,1%,<1%,<1%,6%,21%,81%,63%,40%,60%,0%,86%,,,"Core Music, Illustration",21st Century Community Learning Center; Community School; NYC Solves; PROSE,N/A (fewer than 5 teachers),56%,N/A (fewer than 5 teachers),0%,0%,N/A (fewer than 5 teachers),9.7,69%,N/A,97%,100%,N/A,N/A,N/A,N/A,95%,100%,100%,28,22%,24%,14 (8%),69 (38%),1% (1),83% (66),13% (10),0% (0),1% (1),1% (1),Fair,94%,N/A,N/A,74%,0%,26%,73%,N/A,73%,N/A,N/A,N/A,N/A,76%,70%,N/A,71%,N/A,40%,77%,87%,94%,N/A,95%,100%,N/A,N/A,N/A,N/A,94%,83%,94%,N/A,95%,83%,N/A,N/A,N/A,N/A,94%,97%,100%,100%,95%,93%,N/A,92%,92%,N/A,N/A,N/A,N/A,86%,,,94%,86%,60%,N/A,59%,83%,N/A,N/A,N/A,N/A,86%,96%,N/A,96%,100%,N/A,N/A,N/A,N/A,100%,84%,N/A,83%,92%,N/A,N/A,N/A,N/A,86%,98%,97%,N/A,97%,100%,N/A,N/A,N/A,N/A,91%,90%,88%,N/A,90%,80%,N/A,N/A,N/A,N/A,100%,98%,99%,N/A,98%,100%,N/A,N/A,N/A,N/A,100%
18K673,East Brooklyn Community High School,Good,Excellent,Excellent,www.schools.nyc.gov/schools/K673,Patrick Mcgillicuddy,,196,,Local Support and Improvement,9517 Kings Highway,"Brooklyn, NY 11212",718-927-6880,0%,76%,23%,<1%,0%,0%,3%,39%,90%,66%,45%,55%,0%,92%,,,"Studio Art, Dramatic Literature, Percussion, Filmmaking / Video, Visual Art",Community School; Future Ready NYC; NYC Solves; PROSE,N/A (fewer than 5 teachers),N/A (fewer than 5 teachers),N/A (fewer than 5 teachers),N/A (fewer than 5 teachers),0%,65%,16.2,100%,N/A,90%,92%,N/A,N/A,N/A,N/A,85%,88%,82%,16,17%,22%,21 (11%),,0% (0),79% (30),21% (8),0% (0),0% (0),0% (0),Good,78%,N/A,N/A,76%,0%,24%,51%,N/A,51%,N/A,N/A,N/A,N/A,53%,50%,N/A,52%,35%,58%,63%,87%,90%,N/A,89%,100%,N/A,N/A,N/A,N/A,86%,81%,87%,N/A,87%,86%,N/A,N/A,N/A,N/A,89%,97%,94%,100%,91%,87%,N/A,89%,79%,N/A,N/A,N/A,N/A,86%,,,96%,85%,70%,N/A,72%,57%,N/A,N/A,N/A,N/A,68%,90%,N/A,91%,86%,N/A,N/A,N/A,N/A,93%,86%,N/A,84%,93%,N/A,N/A,N/A,N/A,86%,97%,100%,N/A,100%,N/A,N/A,N/A,N/A,N/A,100%,85%,93%,N/A,92%,N/A,N/A,N/A,N/A,N/A,100%,99%,100%,N/A,100%,N/A,N/A,N/A,N/A,N/A,100%
21K728,Liberation Diploma Plus,Good,Good,,liberationhs.org/,,,225,,Local Support and Improvement,2865 West 19th Street,"Brooklyn, NY 11224",718-946-6812,3%,32%,47%,<1%,0%,17%,11%,39%,94%,71%,45%,55%,0%,93%,,,"Visual Art, Core Music",Future Ready NYC; NYC Solves; Project Pivot,N/A (fewer than 5 teachers),43%,N/A (fewer than 5 teachers),0%,0%,N/A (fewer than 5 teachers),0.2,79%,N/A,86%,93%,N/A,N/A,100%,92%,94%,100%,100%,17,21%,17%,,2 (1%),3% (3),31% (31),49% (49),<1% (1),0% (0),17% (17),Excellent,86%,N/A,N/A,100%,0%,0%,66%,N/A,71%,55%,N/A,N/A,N/A,61%,70%,80%,63%,39%,71%,71%,88%,94%,N/A,93%,93%,N/A,N/A,100%,92%,94%,90%,88%,N/A,86%,88%,N/A,N/A,100%,82%,89%,82%,75%,75%,92%,92%,N/A,90%,91%,N/A,N/A,100%,90%,92%,,,98%,92%,93%,N/A,91%,92%,N/A,N/A,100%,92%,94%,93%,N/A,91%,92%,N/A,N/A,100%,92%,93%,93%,N/A,91%,92%,N/A,N/A,100%,92%,93%,N/A,100%,N/A,N/A,100%,N/A,N/A,N/A,N/A,100%,N/A,100%,N/A,N/A,100%,N/A,N/A,N/A,N/A,100%,N/A,100%,N/A,N/A,100%,N/A,N/A,N/A,N/A,100%
22K630,Professional Pathways High School,Excellent,,,www.professionalpathwayshighschool.com,David Decamp,,186,,Local Support and Improvement,3000 Avenue X,"Brooklyn, NY 11235",718-332-6290,10%,25%,42%,<1%,0%,22%,8%,28%,89%,65%,38%,62%,0%,93%,,,"Music Enterprise, Management, and Careers, Classroom Music, Core Music, Music History",NYC Solves; Respect for All,N/A (fewer than 5 teachers),N/A (fewer than 5 teachers),0%,0%,0%,81%,12.2,100%,90%,100%,85%,N/A,N/A,89%,N/A,83%,N/A,N/A,21,28%,26%,34 (18%),23 (12%),16% (8),14% (7),37% (19),0% (0),0% (0),33% (17),Excellent,15%,N/A,N/A,96%,N/A,N/A,78%,N/A,77%,82%,N/A,N/A,72%,91%,74%,68%,84%,71%,73%,83%,N/A,98%,89%,100%,100%,N/A,N/A,100%,N/A,100%,N/A,89%,80%,100%,81%,N/A,N/A,100%,N/A,100%,N/A,N/A,N/A,N/A,92%,80%,100%,100%,N/A,N/A,80%,N/A,100%,,,96%,N/A,69%,50%,78%,70%,N/A,N/A,80%,N/A,67%,96%,100%,100%,90%,N/A,N/A,100%,N/A,100%,85%,80%,88%,85%,N/A,N/A,90%,N/A,100%,N/A,78%,N/A,N/A,N/A,N/A,N/A,N/A,N/A,N/A,N/A,88%,N/A,N/A,N/A,N/A,N/A,N/A,N/A,N/A,N/A,100%,N/A,N/A,N/A,N/A,N/A,N/A,N/A,N/A
23K643,Brooklyn Democracy Academy,Good,Fair,Good,brooklyndemocracyacademy.com,Yesenia Peralta,,182,,Local Support and Improvement,985 Rockaway Avenue,"Brooklyn, NY 11212",718-342-6348,1%,65%,29%,4%,0%,2%,16%,32%,93%,55%,51%,49%,0%,92%,,,"Music Enterprise, Management, and Careers, Performing Ensemble, Visual Art, Drawing, Graphic Design, Fashion and Textile Design",Future Ready NYC; NYC Solves; Pathways Advising; Project Pivot; PROSE,N/A (fewer than 5 teachers),50%,N/A (fewer than 5 teachers),0%,0%,N/A (fewer than 5 teachers),5.5,69%,N/A,88%,92%,N/A,N/A,N/A,100%,88%,82%,76%,16,28%,16%,99 (54%),76 (42%),0% (0),65% (84),29% (38),4% (5),0% (0),2% (2),Fair,72%,N/A,N/A,66%,0%,34%,65%,N/A,67%,N/A,N/A,N/A,N/A,66%,64%,N/A,50%,40%,56%,77%,78%,95%,N/A,93%,100%,N/A,N/A,N/A,100%,93%,83%,90%,N/A,94%,79%,N/A,N/A,N/A,81%,92%,90%,100%,88%,95%,94%,N/A,94%,93%,N/A,N/A,N/A,93%,96%,,,97%,88%,65%,N/A,60%,75%,N/A,N/A,N/A,62%,61%,98%,N/A,99%,96%,N/A,N/A,N/A,100%,96%,92%,N/A,94%,86%,N/A,N/A,N/A,88%,93%,94%,95%,N/A,100%,86%,N/A,N/A,N/A,80%,100%,89%,94%,N/A,100%,86%,N/A,N/A,N/A,80%,80%,95%,89%,N/A,100%,71%,N/A,N/A,N/A,80%,100%
23K647,Metropolitan Diploma Plus High School,Fair,,Excellent,www.schools.nyc.gov/schools/K647,Meri Yallowitz,,168,,Comprehensive Support and Improvement,985 Rockaway Avenue,"Brooklyn, NY 11212",718-342-6249,3%,71%,21%,2%,<1%,2%,13%,27%,93%,57%,45%,55%,0%,92%,,,"Graphic Design, Drawing, Fashion and Textile Design",Community School; NYC Solves,N/A (fewer than 5 teachers),47%,N/A (fewer than 5 teachers),0%,0%,35%,17.2,71%,N/A,92%,75%,N/A,N/A,N/A,N/A,N/A,100%,75%,16,18%,10%,42 (25%),108 (64%),4% (5),65% (81),26% (33),2% (3),<1% (1),2% (2),Fair,93%,N/A,N/A,84%,0%,16%,56%,N/A,58%,56%,N/A,N/A,N/A,59%,53%,80%,42%,31%,56%,75%,N/A,97%,N/A,100%,100%,N/A,N/A,N/A,N/A,N/A,N/A,97%,N/A,96%,100%,N/A,N/A,N/A,N/A,N/A,N/A,64%,67%,N/A,95%,N/A,92%,100%,N/A,N/A,N/A,N/A,N/A,,,94%,N/A,71%,N/A,69%,78%,N/A,N/A,N/A,N/A,N/A,97%,N/A,100%,89%,N/A,N/A,N/A,N/A,N/A,92%,N/A,92%,89%,N/A,N/A,N/A,N/A,N/A,93%,99%,N/A,99%,100%,N/A,N/A,N/A,N/A,100%,91%,95%,N/A,94%,100%,N/A,N/A,N/A,N/A,87%,100%,98%,N/A,97%,100%,N/A,N/A,N/A,N/A,100%
24Q744,VOYAGES Preparatory,Fair,Excellent,Excellent,www.schools.nyc.gov/schools/Q744,Nicholas Bleiberg,,208,,Local Support and Improvement,45-10 94 Street,"Queens, NY 11373",718-271-7851,6%,10%,79%,<1%,<1%,3%,14%,28%,89%,71%,43%,57%,0%,93%,,,"Mixed Media, Studio Art",NYC Solves; PROSE,N/A (fewer than 5 teachers),N/A (fewer than 5 teachers),35%,0%,0%,41%,12.2,94%,100%,100%,94%,N/A,N/A,N/A,91%,88%,100%,100%,14,13%,17%,,70 (34%),6% (4),7% (5),81% (57),0% (0),0% (0),4% (3),Excellent,96%,N/A,N/A,69%,0%,31%,42%,N/A,N/A,42%,N/A,N/A,N/A,41%,42%,29%,44%,11%,52%,60%,85%,94%,100%,100%,92%,N/A,N/A,N/A,91%,88%,92%,95%,100%,80%,95%,N/A,N/A,N/A,91%,92%,93%,94%,94%,94%,89%,83%,80%,90%,N/A,N/A,N/A,100%,88%,,,94%,89%,68%,83%,40%,68%,N/A,N/A,N/A,67%,65%,95%,100%,100%,94%,N/A,N/A,N/A,100%,88%,88%,83%,80%,88%,N/A,N/A,N/A,100%,85%,94%,93%,N/A,N/A,96%,N/A,N/A,N/A,N/A,N/A,87%,93%,N/A,N/A,92%,N/A,N/A,N/A,N/A,N/A,99%,96%,N/A,N/A,100%,N/A,N/A,N/A,N/A,N/A
25Q540,Queens Academy High School,Excellent,Good,,www.queensacademyhs.org/,James Memola Jr,,373,,Local Support and Improvement,138-11 35 Avenue,"Queens, NY 11354",718-463-3111,10%,2%,85%,0%,<1%,2%,71%,12%,93%,43%,39%,61%,0%,95%,,,"Studio Art, Art History, Visual Art",Community School; Dual Language or TBE; NYC Solves; Pathways Advising,N/A (fewer than 5 teachers),N/A (fewer than 5 teachers),32%,0%,0%,44%,8,60%,88%,N/A,96%,N/A,N/A,80%,94%,92%,92%,92%,25,24%,26%,25 (7%),139 (37%),18% (27),3% (5),74% (111),0% (0),0% (0),4% (6),Fair,88%,N/A,N/A,74%,0%,26%,84%,75%,N/A,86%,N/A,N/A,N/A,79%,86%,82%,80%,69%,88%,86%,87%,91%,94%,N/A,91%,N/A,N/A,80%,90%,100%,90%,95%,100%,N/A,93%,N/A,N/A,100%,94%,92%,82%,83%,83%,91%,93%,94%,N/A,92%,N/A,N/A,100%,93%,86%,,,97%,87%,82%,81%,N/A,81%,N/A,N/A,80%,83%,79%,96%,94%,N/A,96%,N/A,N/A,100%,97%,93%,92%,94%,N/A,92%,N/A,N/A,N/A,93%,86%,N/A,89%,N/A,N/A,100%,N/A,N/A,N/A,100%,N/A,N/A,78%,N/A,N/A,86%,N/A,N/A,N/A,88%,N/A,N/A,88%,N/A,N/A,100%,N/A,N/A,N/A,100%,N/A
25Q792,North Queens Community High School,Fair,,Good,www.nqchs.net,Wen Wei Chang,,130,,Local Support and Improvement,141-25 77 Road,"Queens, NY 11367",718-380-1650,15%,21%,57%,2%,0%,6%,27%,22%,83%,66%,53%,47%,0%,85%,,,Studio Art,NYC Solves; Project Pivot; PROSE,0%,N/A (fewer than 5 teachers),N/A (fewer than 5 teachers),0%,0%,N/A (fewer than 5 teachers),3.6,63%,100%,62%,60%,N/A,N/A,N/A,78%,38%,50%,38%,16,22%,7%,,64 (49%),13% (8),25% (16),53% (34),3% (2),0% (0),6% (4),Excellent,75%,N/A,N/A,57%,0%,43%,54%,N/A,53%,50%,N/A,N/A,N/A,61%,50%,N/A,57%,24%,N/A,70%,N/A,81%,80%,88%,87%,N/A,N/A,N/A,80%,67%,N/A,81%,100%,71%,79%,N/A,N/A,N/A,91%,56%,N/A,88%,88%,N/A,66%,20%,75%,82%,N/A,N/A,N/A,55%,82%,,,98%,N/A,51%,67%,44%,47%,N/A,N/A,N/A,64%,55%,88%,100%,88%,81%,N/A,N/A,N/A,89%,67%,77%,100%,78%,73%,N/A,N/A,N/A,80%,56%,91%,100%,N/A,100%,100%,N/A,N/A,N/A,100%,N/A,82%,76%,N/A,57%,83%,N/A,N/A,N/A,100%,N/A,92%,95%,N/A,100%,91%,N/A,N/A,N/A,100%,N/A
27Q261,Voyages Prep - South Queens,Excellent,,,www.schools.nyc.gov/schools/Q261,Christopher Losurdo,,248,,Local Support and Improvement,156-10 Baisley Boulevard,"Queens, NY 11434",718-276-1946,15%,44%,32%,4%,2%,3%,18%,15%,85%,67%,45%,55%,0%,N/A,,,"Three-Dimensional Art, Core Music, Art History",NYC Solves; PROSE,N/A (fewer than 5 teachers),N/A (fewer than 5 teachers),N/A (fewer than 5 teachers),0%,0%,65%,12.2,100%,N/A,N/A,N/A,N/A,N/A,N/A,N/A,N/A,88%,71%,15,16%,24%,53 (21%),1 (<1%),19% (10),48% (26),26% (14),2% (1),4% (2),2% (1),Needs Improvement,82%,18%,0%,80%,N/A,N/A,68%,N/A,66%,65%,N/A,N/A,N/A,65%,70%,74%,77%,58%,60%,72%,N/A,N/A,N/A,N/A,N/A,N/A,N/A,N/A,N/A,N/A,N/A,N/A,N/A,N/A,N/A,N/A,N/A,N/A,N/A,N/A,N/A,100%,100%,N/A,N/A,N/A,N/A,N/A,N/A,N/A,N/A,N/A,N/A,,,95%,N/A,N/A,N/A,N/A,N/A,N/A,N/A,N/A,N/A,N/A,N/A,N/A,N/A,N/A,N/A,N/A,N/A,N/A,N/A,N/A,N/A,N/A,N/A,N/A,N/A,N/A,N/A,N/A,N/A,N/A,N/A,N/A,N/A,N/A,N/A,N/A,N/A,N/A,N/A,N/A,N/A,N/A,N/A,N/A,N/A,N/A,N/A,N/A,N/A,N/A,N/A,N/A,N/A,N/A,N/A,N/A,N/A,N/A
28Q338,Queens Satellite High School for Opportunity,Good,Good,Good,www.schools.nyc.gov/schools/Q338,Thomas Mckenna,,195,,Local Support and Improvement,162-02 Hillside Avenue,"Queens, NY 11432",718-883-1200,21%,26%,46%,4%,1%,3%,61%,4%,93%,73%,35%,65%,0%,87%,,,"Visual Art, Filmmaking / Video, Computer Art / Digital Art",Community School; Consortium; NYC Solves; PROSE; Respect for All,N/A (fewer than 5 teachers),N/A (fewer than 5 teachers),N/A (fewer than 5 teachers),0%,0%,46%,8.1,73%,80%,90%,91%,N/A,N/A,N/A,85%,N/A,100%,80%,17,22%,16%,,84 (43%),21% (18),19% (16),51% (43),2% (2),1% (1),6% (5),N/A,0%,0%,100%,N/A,0%,N/A,64%,N/A,68%,54%,N/A,N/A,N/A,70%,59%,54%,77%,25%,58%,76%,92%,98%,100%,100%,95%,N/A,N/A,N/A,96%,N/A,92%,93%,88%,91%,95%,N/A,N/A,N/A,88%,N/A,99%,100%,100%,93%,90%,80%,83%,96%,N/A,N/A,N/A,89%,N/A,,,97%,92%,73%,64%,75%,74%,N/A,N/A,N/A,66%,N/A,98%,91%,100%,100%,N/A,N/A,N/A,97%,N/A,91%,89%,92%,96%,N/A,N/A,N/A,89%,N/A,96%,93%,100%,94%,93%,N/A,N/A,N/A,95%,N/A,84%,81%,67%,82%,83%,N/A,N/A,N/A,81%,N/A,96%,91%,100%,87%,88%,N/A,N/A,N/A,89%,N/A
31R470,Concord High School,Good,Good,Excellent,www.schools.nyc.gov/schools/R470,Michael Sobel,,202,,Local Support and Improvement,109 Rhine Avenue,"Staten Island, NY 10304",718-447-1274,3%,31%,54%,<1%,<1%,9%,7%,35%,91%,65%,51%,49%,0%,99%,,,"Art History, Graphic Design, Studio Art, Visual Art",Career Readiness and Modern Youth Apprenticeship; NYC Solves; Project Pivot; PROSE,N/A (fewer than 5 teachers),N/A (fewer than 5 teachers),0%,0%,0%,65%,5.9,100%,100%,95%,97%,N/A,N/A,100%,100%,94%,82%,76%,17,13%,14%,29 (14%),110 (54%),3% (4),34% (41),53% (65),<1% (1),0% (0),9% (11),Excellent,100%,0%,0%,96%,N/A,N/A,61%,N/A,61%,64%,N/A,N/A,N/A,73%,46%,N/A,60%,46%,54%,75%,89%,90%,80%,91%,89%,N/A,N/A,100%,67%,74%,89%,90%,100%,87%,90%,N/A,N/A,100%,86%,80%,91%,88%,100%,92%,91%,80%,92%,93%,N/A,N/A,83%,86%,88%,,,95%,89%,79%,100%,71%,83%,N/A,N/A,67%,100%,74%,95%,100%,92%,95%,N/A,N/A,100%,100%,88%,90%,100%,92%,86%,N/A,N/A,100%,100%,83%,98%,98%,100%,96%,99%,N/A,N/A,100%,100%,100%,95%,99%,100%,100%,99%,N/A,N/A,91%,100%,98%,99%,99%,100%,98%,100%,N/A,N/A,100%,100%,100%
32K564,Bushwick Community High School,Good,Good,Excellent,www.schools.nyc.gov/schools/K564,Llermi Gonzalez,,102,,Comprehensive Support and Improvement,231 Palmetto Street,"Brooklyn, NY 11221",718-443-3083,0%,19%,78%,0%,2%,<1%,33%,19%,91%,64%,44%,56%,0%,94%,,,Visual Art,NYC Solves; Project Pivot; PROSE,0%,N/A (fewer than 5 teachers),N/A (fewer than 5 teachers),0%,0%,67%,12.9,100%,N/A,100%,94%,N/A,N/A,N/A,96%,100%,90%,80%,15,19%,17%,,40 (39%),0% (0),22% (9),76% (31),0% (0),0% (0),2% (1),Excellent,94%,N/A,N/A,85%,N/A,N/A,61%,N/A,56%,62%,N/A,N/A,N/A,65%,57%,N/A,66%,41%,56%,73%,84%,96%,N/A,92%,98%,N/A,N/A,N/A,96%,91%,87%,97%,N/A,100%,97%,N/A,N/A,N/A,100%,100%,82%,90%,80%,93%,95%,N/A,92%,95%,N/A,N/A,N/A,96%,91%,,,93%,90%,89%,N/A,100%,88%,N/A,N/A,N/A,89%,91%,96%,N/A,92%,98%,N/A,N/A,N/A,96%,100%,92%,N/A,92%,91%,N/A,N/A,N/A,89%,73%,97%,98%,N/A,88%,100%,N/A,N/A,N/A,100%,100%,87%,95%,N/A,100%,93%,N/A,N/A,N/A,90%,100%,100%,100%,N/A,100%,100%,N/A,N/A,N/A,100%,100%
84K417,Urban Dove Team Charter School,Fair,Needs Improvement,Fair,urbandove.org/,Amit Bahl/Christopher Barfield,,301,,Comprehensive Support and Improvement,1256 East 21 Street,"Brooklyn, NY 11210",718-783-8232,5%,58%,28%,<1%,<1%,8%,7%,41%,90%,53%,43%,57%,0%,72%,,,N/A,N/A,N/A (fewer than 5 teachers),61%,14%,N/A (fewer than 5 teachers),N/A (fewer than 5 teachers),24%,6,75%,64%,64%,59%,N/A,N/A,75%,60%,68%,62%,52%,N/A,19%,8%,,,¶,¶,¶,¶,¶,¶,Needs Improvement,N/A,N/A,N/A,N/A,N/A,N/A,44%,N/A,46%,44%,N/A,N/A,N/A,44%,44%,N/A,37%,33%,N/A,47%,72%,77%,82%,76%,74%,N/A,N/A,100%,79%,80%,63%,65%,56%,66%,64%,N/A,N/A,90%,58%,66%,86%,83%,90%,76%,63%,56%,66%,57%,N/A,N/A,88%,46%,60%,,,94%,67%,57%,33%,65%,43%,N/A,N/A,75%,46%,61%,67%,67%,69%,62%,N/A,N/A,80%,62%,68%,62%,56%,65%,57%,N/A,N/A,78%,54%,61%,85%,75%,89%,78%,76%,N/A,N/A,44%,62%,74%,71%,69%,100%,67%,64%,N/A,N/A,83%,67%,74%,83%,84%,100%,85%,77%,N/A,N/A,100%,70%,83%
84K486,New Dawn Charter High School,Fair,Good,Excellent,www.ndchsbrooklyn.org/,Sara M. Asmussen/Donna Lobato,,236,,Comprehensive Support and Improvement,242 Hoyt Street,"Brooklyn, NY 11217",347-505-9101,3%,56%,38%,1%,0%,2%,16%,40%,92%,61%,47%,53%,0%,88%,,,N/A,N/A,15%,33%,N/A (fewer than 5 teachers),N/A (fewer than 5 teachers),0%,44%,13,95%,100%,97%,98%,N/A,N/A,N/A,90%,95%,100%,100%,N/A,17%,20%,,,N/A,N/A,N/A,N/A,N/A,N/A,Excellent,N/A,N/A,N/A,N/A,N/A,N/A,48%,N/A,49%,46%,N/A,N/A,N/A,56%,43%,58%,40%,31%,50%,51%,81%,96%,100%,95%,96%,N/A,N/A,N/A,94%,93%,86%,93%,80%,91%,98%,N/A,N/A,N/A,94%,93%,90%,83%,92%,92%,91%,100%,86%,98%,N/A,N/A,N/A,94%,92%,,,95%,89%,79%,100%,82%,75%,N/A,N/A,N/A,68%,77%,94%,100%,93%,96%,N/A,N/A,N/A,89%,90%,84%,80%,85%,84%,N/A,N/A,N/A,79%,83%,100%,100%,N/A,100%,100%,N/A,N/A,N/A,100%,100%,98%,95%,N/A,97%,93%,N/A,N/A,N/A,82%,95%,100%,100%,N/A,100%,100%,N/A,N/A,N/A,100%,100%
84M424,Urban Dove Team Charter School IV,,,,urbandove.org/,,,188,,Comprehensive Support and Improvement,230 East 123 Street,"Manhattan, NY 10035",N/A,0%,41%,56%,2%,0%,1%,12%,45%,>95%,86%,44%,56%,0%,86%,,,N/A,N/A,N/A (fewer than 5 teachers),70%,N/A (fewer than 5 teachers),0%,0%,N/A (fewer than 5 teachers),1,75%,N/A,86%,96%,N/A,N/A,N/A,N/A,95%,80%,68%,N/A,13%,12%,,,N/A,N/A,N/A,N/A,N/A,N/A,Excellent,N/A,N/A,N/A,N/A,N/A,N/A,35%,N/A,39%,19%,N/A,N/A,N/A,48%,27%,23%,17%,19%,22%,44%,80%,87%,N/A,83%,89%,N/A,N/A,N/A,N/A,90%,80%,94%,N/A,91%,96%,N/A,N/A,N/A,N/A,95%,90%,85%,95%,90%,88%,N/A,83%,90%,N/A,N/A,N/A,100%,96%,,,95%,85%,78%,N/A,80%,77%,N/A,N/A,N/A,100%,79%,91%,N/A,82%,97%,N/A,N/A,N/A,100%,95%,82%,N/A,83%,83%,N/A,N/A,N/A,100%,91%,96%,95%,N/A,100%,88%,N/A,N/A,N/A,N/A,92%,82%,95%,N/A,92%,100%,N/A,N/A,N/A,N/A,100%,100%,100%,N/A,100%,100%,N/A,N/A,N/A,N/A,100%
84M707,John V. Lindsay Wildcat Academy Charter School,Fair,,Excellent,www.jvlwildcat.org/,Ronald Tabano,,385,,Comprehensive Support and Improvement,17 Battery Place,"Manhattan, NY 10004",212-209-6006,<1%,41%,56%,1%,<1%,2%,9%,36%,95%,68%,51%,49%,0%,86%,,,N/A,N/A,0%,39%,15%,0%,0%,46%,33,89%,N/A,75%,100%,N/A,N/A,N/A,N/A,86%,96%,87%,N/A,11%,16%,,,N/A,N/A,N/A,N/A,N/A,N/A,Needs Improvement,N/A,N/A,N/A,N/A,N/A,N/A,44%,N/A,39%,45%,N/A,N/A,N/A,45%,43%,36%,37%,19%,49%,57%,N/A,87%,N/A,75%,96%,N/A,N/A,N/A,N/A,71%,N/A,93%,N/A,89%,95%,N/A,N/A,N/A,N/A,100%,N/A,100%,96%,N/A,85%,N/A,75%,92%,N/A,N/A,N/A,N/A,86%,,,45%,N/A,69%,N/A,52%,80%,N/A,N/A,N/A,N/A,60%,92%,N/A,81%,100%,N/A,N/A,N/A,N/A,87%,88%,N/A,86%,88%,N/A,N/A,N/A,N/A,93%,100%,100%,N/A,100%,100%,N/A,N/A,N/A,100%,100%,93%,94%,N/A,94%,95%,N/A,N/A,N/A,90%,94%,100%,100%,N/A,100%,100%,N/A,N/A,N/A,100%,100%
84Q388,New Dawn Charter High School II,Fair,,Fair,www.ndchsqueens.org/,Sara M. Asmussen/Zack Flory,,412,,Comprehensive Support and Improvement,89-25 161 Street,"Queens, NY 11432",N/A,14%,35%,43%,3%,1%,2%,29%,25%,89%,61%,37%,63%,0%,61%,,,N/A,N/A,31%,52%,N/A (fewer than 5 teachers),0%,0%,N/A (fewer than 5 teachers),2,93%,88%,96%,79%,N/A,N/A,N/A,86%,94%,91%,82%,N/A,17%,3%,,,N/A,N/A,N/A,N/A,N/A,N/A,Excellent,N/A,N/A,N/A,N/A,N/A,N/A,38%,30%,42%,35%,N/A,N/A,N/A,40%,36%,34%,44%,16%,37%,41%,N/A,84%,75%,96%,73%,N/A,N/A,N/A,87%,94%,N/A,77%,57%,87%,73%,N/A,N/A,N/A,73%,78%,N/A,95%,86%,N/A,74%,75%,76%,68%,N/A,N/A,N/A,73%,95%,,,94%,N/A,52%,38%,61%,45%,N/A,N/A,N/A,69%,50%,88%,88%,94%,83%,N/A,N/A,N/A,94%,95%,64%,50%,64%,66%,N/A,N/A,N/A,81%,65%,83%,67%,N/A,62%,50%,N/A,N/A,N/A,N/A,N/A,75%,75%,N/A,71%,60%,N/A,N/A,N/A,N/A,N/A,84%,82%,N/A,71%,83%,N/A,N/A,N/A,N/A,N/A
84Q428,Urban Dove Team Charter School III,,,,urbandove.org/,,,81,,Comprehensive Support and Improvement,31-20 37 Street,"Queens, NY 11103",N/A,2%,36%,54%,0%,0%,7%,11%,37%,89%,73%,44%,56%,0%,83%,,,N/A,N/A,N/A (fewer than 5 teachers),60%,N/A (fewer than 5 teachers),0%,0%,N/A (fewer than 5 teachers),7,75%,N/A,67%,100%,N/A,N/A,N/A,N/A,N/A,100%,92%,N/A,9%,19%,,,¶,¶,¶,¶,¶,¶,Fair,N/A,N/A,N/A,N/A,N/A,N/A,38%,N/A,54%,30%,N/A,N/A,N/A,40%,36%,14%,35%,18%,53%,48%,75%,92%,N/A,86%,93%,N/A,N/A,N/A,N/A,100%,81%,92%,N/A,83%,93%,N/A,N/A,N/A,N/A,N/A,88%,100%,100%,92%,88%,N/A,86%,88%,N/A,N/A,N/A,N/A,100%,,,94%,82%,69%,N/A,71%,62%,N/A,N/A,N/A,N/A,80%,92%,N/A,86%,94%,N/A,N/A,N/A,N/A,80%,81%,N/A,71%,81%,N/A,N/A,N/A,N/A,80%,90%,80%,N/A,64%,87%,N/A,N/A,N/A,80%,69%,51%,66%,N/A,40%,78%,N/A,N/A,N/A,80%,54%,86%,86%,N/A,79%,90%,N/A,N/A,N/A,80%,82%
84R012,New Ventures Charter School,Good,Good,Excellent,integrationcharterschools.org/,Ryan Melis,,139,,Local Support and Improvement,1441 South Avenue,"Staten Is, NY 10314",347-855-2238,4%,32%,42%,<1%,0%,19%,4%,47%,84%,58%,50%,50%,0%,84%,,,N/A,N/A,N/A,N/A,N/A,N/A,N/A,N/A,8,90%,N/A,100%,86%,N/A,N/A,88%,N/A,88%,100%,100%,N/A,13%,21%,,,N/A,N/A,N/A,N/A,N/A,N/A,Excellent,N/A,N/A,N/A,N/A,N/A,N/A,75%,N/A,70%,64%,N/A,N/A,86%,81%,68%,N/A,76%,60%,59%,81%,82%,92%,N/A,88%,100%,N/A,N/A,88%,N/A,88%,83%,94%,N/A,88%,95%,N/A,N/A,100%,N/A,88%,93%,89%,100%,89%,85%,N/A,83%,83%,N/A,N/A,89%,N/A,86%,,,97%,85%,63%,N/A,67%,52%,N/A,N/A,78%,N/A,59%,98%,N/A,94%,100%,N/A,N/A,100%,N/A,100%,83%,N/A,72%,87%,N/A,N/A,89%,N/A,79%,96%,100%,N/A,100%,100%,N/A,N/A,100%,N/A,100%,79%,100%,N/A,100%,100%,N/A,N/A,100%,N/A,100%,99%,100%,N/A,100%,100%,N/A,N/A,100%,N/A,100%
84X610,Urban Dove Team Charter School II,Fair,Fair,Good,urbandove.org/,Amit Bahl/Jai Nanda,,297,,Comprehensive Support and Improvement,671 Prospect Avenue,"Bronx, NY 10455",N/A,2%,36%,61%,<1%,<1%,1%,12%,48%,>95%,55%,41%,59%,0%,91%,,,N/A,N/A,0%,49%,29%,0%,0%,22%,7,75%,N/A,83%,90%,N/A,N/A,N/A,95%,87%,81%,79%,N/A,4%,14%,,,N/A,N/A,N/A,N/A,N/A,N/A,Fair,N/A,N/A,N/A,N/A,N/A,N/A,51%,N/A,24%,63%,N/A,N/A,N/A,52%,50%,58%,50%,15%,N/A,51%,75%,91%,N/A,90%,92%,N/A,N/A,N/A,95%,86%,78%,92%,N/A,92%,92%,N/A,N/A,N/A,90%,89%,84%,86%,93%,92%,92%,N/A,92%,91%,N/A,N/A,N/A,95%,94%,,,96%,79%,75%,N/A,81%,71%,N/A,N/A,N/A,68%,74%,91%,N/A,92%,90%,N/A,N/A,N/A,86%,88%,84%,N/A,84%,83%,N/A,N/A,N/A,73%,81%,92%,90%,N/A,90%,92%,N/A,N/A,N/A,90%,93%,73%,74%,N/A,73%,77%,N/A,N/A,N/A,67%,73%,96%,97%,N/A,100%,97%,N/A,N/A,N/A,93%,98%
